event_id,dataset,cryptocurrency,event_date,n_tweets,cluster,count,percentage
E1,W,feathercoin,2013-06-07,261,C0,54,20.689655172413794
E1,W,feathercoin,2013-06-07,261,C1,152,58.23754789272031
E1,W,feathercoin,2013-06-07,261,C2,55,21.0727969348659
E1,A,feathercoin,2013-06-07,26,C0,8,30.76923076923077
E1,A,feathercoin,2013-06-07,26,C1,16,61.53846153846154
E1,A,feathercoin,2013-06-07,26,C2,2,7.6923076923076925
E1,B,feathercoin,2013-06-07,51,C0,5,9.803921568627452
E1,B,feathercoin,2013-06-07,51,C1,19,37.254901960784316
E1,B,feathercoin,2013-06-07,51,C2,27,52.94117647058823
E2,W,bitcoin,2014-06-15,72458,C0,41720,57.578183223384585
E2,W,bitcoin,2014-06-15,72458,C1,19073,26.322835297689696
E2,W,bitcoin,2014-06-15,72458,C2,11665,16.098981478925722
E2,A,bitcoin,2014-06-15,3409,C0,2624,76.97271927251393
E2,A,bitcoin,2014-06-15,3409,C1,576,16.896450572015254
E2,A,bitcoin,2014-06-15,3409,C2,209,6.130830155470813
E2,B,bitcoin,2014-06-15,65408,C0,37673,57.59693003913895
E2,B,bitcoin,2014-06-15,65408,C1,16909,25.851577788649706
E2,B,bitcoin,2014-06-15,65408,C2,10826,16.55149217221135
E3,W,verge,2018-04-03,6155,C0,1649,26.791226645004063
E3,W,verge,2018-04-03,6155,C1,2865,46.54752233956133
E3,W,verge,2018-04-03,6155,C2,1641,26.661251015434605
E3,A,verge,2018-04-03,599,C0,374,62.43739565943239
E3,A,verge,2018-04-03,599,C1,140,23.37228714524207
E3,A,verge,2018-04-03,599,C2,85,14.190317195325543
E3,B,verge,2018-04-03,7804,C0,190,2.4346488980010252
E3,B,verge,2018-04-03,7804,C1,1222,15.65863659661712
E3,B,verge,2018-04-03,7804,C2,6392,81.90671450538186
E4,W,bitcoingold,2018-05-15,2449,C0,1368,55.85953450387913
E4,W,bitcoingold,2018-05-15,2449,C1,529,21.600653327888935
E4,W,bitcoingold,2018-05-15,2449,C2,552,22.539812168231933
E4,A,bitcoingold,2018-05-15,1012,C0,863,85.27667984189723
E4,A,bitcoingold,2018-05-15,1012,C1,80,7.905138339920948
E4,A,bitcoingold,2018-05-15,1012,C2,69,6.818181818181818
E4,B,bitcoingold,2018-05-15,1137,C0,292,25.6816182937555
E4,B,bitcoingold,2018-05-15,1137,C1,308,27.088830255057168
E4,B,bitcoingold,2018-05-15,1137,C2,537,47.229551451187334
E5,W,verge,2018-05-20,3661,C0,1292,35.290904124556135
E5,W,verge,2018-05-20,3661,C1,1469,40.12564872985523
E5,W,verge,2018-05-20,3661,C2,900,24.583447145588636
E5,A,verge,2018-05-20,685,C0,387,56.496350364963504
E5,A,verge,2018-05-20,685,C1,220,32.11678832116788
E5,A,verge,2018-05-20,685,C2,78,11.386861313868613
E5,B,verge,2018-05-20,4030,C0,571,14.168734491315137
E5,B,verge,2018-05-20,4030,C1,2287,56.74937965260546
E5,B,verge,2018-05-20,4030,C2,1172,29.081885856079406
E6,W,litecoin_cash,2018-05-29,842,C0,9,1.0688836104513064
E6,W,litecoin_cash,2018-05-29,842,C1,54,6.4133016627078385
E6,W,litecoin_cash,2018-05-29,842,C2,779,92.51781472684085
E6,A,litecoin_cash,2018-05-29,28,C0,0,0.0
E6,A,litecoin_cash,2018-05-29,28,C1,1,3.5714285714285716
E6,A,litecoin_cash,2018-05-29,28,C2,27,96.42857142857143
E6,B,litecoin_cash,2018-05-29,1338,C0,37,2.765321375186846
E6,B,litecoin_cash,2018-05-29,1338,C1,174,13.004484304932735
E6,B,litecoin_cash,2018-05-29,1338,C2,1127,84.23019431988043
E7,W,vertcoin,2018-10-11,1596,C0,330,20.67669172932331
E7,W,vertcoin,2018-10-11,1596,C1,789,49.43609022556391
E7,W,vertcoin,2018-10-11,1596,C2,477,29.887218045112782
E7,A,vertcoin,2018-10-11,382,C0,223,58.37696335078534
E7,A,vertcoin,2018-10-11,382,C1,89,23.298429319371728
E7,A,vertcoin,2018-10-11,382,C2,70,18.32460732984293
E7,B,vertcoin,2018-10-11,297,C0,27,9.090909090909092
E7,B,vertcoin,2018-10-11,297,C1,180,60.60606060606061
E7,B,vertcoin,2018-10-11,297,C2,90,30.303030303030305
E8,W,ethereum_classic,2019-01-04,6840,C0,4205,61.4766081871345
E8,W,ethereum_classic,2019-01-04,6840,C1,1103,16.125730994152047
E8,W,ethereum_classic,2019-01-04,6840,C2,1532,22.39766081871345
E8,A,ethereum_classic,2019-01-04,4465,C0,3162,70.8174692049272
E8,A,ethereum_classic,2019-01-04,4465,C1,695,15.565509518477043
E8,A,ethereum_classic,2019-01-04,4465,C2,608,13.617021276595745
E8,B,ethereum_classic,2019-01-04,1105,C0,276,24.97737556561086
E8,B,ethereum_classic,2019-01-04,1105,C1,306,27.692307692307693
E8,B,ethereum_classic,2019-01-04,1105,C2,523,47.33031674208145
E9,W,litecoin_cash,2019-07-03,462,C0,25,5.411255411255412
E9,W,litecoin_cash,2019-07-03,462,C1,68,14.718614718614718
E9,W,litecoin_cash,2019-07-03,462,C2,369,79.87012987012987
E9,A,litecoin_cash,2019-07-03,58,C0,2,3.4482758620689653
E9,A,litecoin_cash,2019-07-03,58,C1,2,3.4482758620689653
E9,A,litecoin_cash,2019-07-03,58,C2,54,93.10344827586206
E9,B,litecoin_cash,2019-07-03,542,C0,26,4.797047970479705
E9,B,litecoin_cash,2019-07-03,542,C1,97,17.89667896678967
E9,B,litecoin_cash,2019-07-03,542,C2,419,77.30627306273063
E10,W,vertcoin,2019-11-30,457,C0,229,50.10940919037199
E10,W,vertcoin,2019-11-30,457,C1,184,40.26258205689278
E10,W,vertcoin,2019-11-30,457,C2,44,9.62800875273523
E10,A,vertcoin,2019-11-30,378,C0,218,57.67195767195767
E10,A,vertcoin,2019-11-30,378,C1,131,34.65608465608466
E10,A,vertcoin,2019-11-30,378,C2,29,7.671957671957672
E10,B,vertcoin,2019-11-30,65,C0,5,7.6923076923076925
E10,B,vertcoin,2019-11-30,65,C1,50,76.92307692307692
E10,B,vertcoin,2019-11-30,65,C2,10,15.384615384615385
E11,W,bitcoingold,2020-01-22,941,C0,612,65.03719447396386
E11,W,bitcoingold,2020-01-22,941,C1,86,9.139213602550479
E11,W,bitcoingold,2020-01-22,941,C2,243,25.823591923485655
E11,A,bitcoingold,2020-01-22,594,C0,520,87.54208754208754
E11,A,bitcoingold,2020-01-22,594,C1,19,3.1986531986531985
E11,A,bitcoingold,2020-01-22,594,C2,55,9.25925925925926
E11,B,bitcoingold,2020-01-22,293,C0,40,13.651877133105803
E11,B,bitcoingold,2020-01-22,293,C1,95,32.42320819112628
E11,B,bitcoingold,2020-01-22,293,C2,158,53.924914675767916
E12,W,bitcoingold,2020-07-01,712,C0,344,48.31460674157304
E12,W,bitcoingold,2020-07-01,712,C1,236,33.146067415730336
E12,W,bitcoingold,2020-07-01,712,C2,132,18.53932584269663
E12,A,bitcoingold,2020-07-01,218,C0,192,88.07339449541284
E12,A,bitcoingold,2020-07-01,218,C1,5,2.293577981651376
E12,A,bitcoingold,2020-07-01,218,C2,21,9.63302752293578
E12,B,bitcoingold,2020-07-01,482,C0,180,37.344398340248965
E12,B,bitcoingold,2020-07-01,482,C1,187,38.79668049792531
E12,B,bitcoingold,2020-07-01,482,C2,115,23.858921161825727
E13,W,ethereum_classic,2020-07-28,1691,C0,703,41.57303370786517
E13,W,ethereum_classic,2020-07-28,1691,C1,579,34.2400946185689
E13,W,ethereum_classic,2020-07-28,1691,C2,409,24.18687167356594
E13,A,ethereum_classic,2020-07-28,900,C0,492,54.666666666666664
E13,A,ethereum_classic,2020-07-28,900,C1,338,37.55555555555556
E13,A,ethereum_classic,2020-07-28,900,C2,70,7.777777777777778
E13,B,ethereum_classic,2020-07-28,246,C0,33,13.414634146341463
E13,B,ethereum_classic,2020-07-28,246,C1,67,27.235772357723576
E13,B,ethereum_classic,2020-07-28,246,C2,146,59.34959349593496
E14,W,ethereum_classic,2020-08-04,1649,C0,636,38.568829593693145
E14,W,ethereum_classic,2020-08-04,1649,C1,675,40.933899332929045
E14,W,ethereum_classic,2020-08-04,1649,C2,338,20.497271073377803
E14,A,ethereum_classic,2020-08-04,967,C0,532,55.01551189245088
E14,A,ethereum_classic,2020-08-04,967,C1,341,35.263702171664946
E14,A,ethereum_classic,2020-08-04,967,C2,94,9.720785935884178
E14,B,ethereum_classic,2020-08-04,215,C0,30,13.953488372093023
E14,B,ethereum_classic,2020-08-04,215,C1,70,32.55813953488372
E14,B,ethereum_classic,2020-08-04,215,C2,115,53.48837209302326
E15,W,ethereum_classic,2020-08-28,1121,C0,383,34.16592328278323
E15,W,ethereum_classic,2020-08-28,1121,C1,512,45.67350579839429
E15,W,ethereum_classic,2020-08-28,1121,C2,226,20.16057091882248
E15,A,ethereum_classic,2020-08-28,706,C0,350,49.57507082152974
E15,A,ethereum_classic,2020-08-28,706,C1,286,40.50991501416431
E15,A,ethereum_classic,2020-08-28,706,C2,70,9.91501416430595
E15,B,ethereum_classic,2020-08-28,172,C0,41,23.837209302325583
E15,B,ethereum_classic,2020-08-28,172,C1,67,38.95348837209303
E15,B,ethereum_classic,2020-08-28,172,C2,64,37.2093023255814
E16,W,bitcoin_sv,2021-06-23,2173,C0,459,21.12287160607455
E16,W,bitcoin_sv,2021-06-23,2173,C1,1366,62.86240220892775
E16,W,bitcoin_sv,2021-06-23,2173,C2,348,16.0147261849977
E16,A,bitcoin_sv,2021-06-23,96,C0,57,59.375
E16,A,bitcoin_sv,2021-06-23,96,C1,24,25.0
E16,A,bitcoin_sv,2021-06-23,96,C2,15,15.625
E16,B,bitcoin_sv,2021-06-23,1625,C0,488,30.03076923076923
E16,B,bitcoin_sv,2021-06-23,1625,C1,757,46.58461538461538
E16,B,bitcoin_sv,2021-06-23,1625,C2,380,23.384615384615383
E17,W,bitcoin_sv,2021-08-02,1137,C0,585,51.45118733509235
E17,W,bitcoin_sv,2021-08-02,1137,C1,399,35.09234828496042
E17,W,bitcoin_sv,2021-08-02,1137,C2,153,13.45646437994723
E17,A,bitcoin_sv,2021-08-02,524,C0,440,83.96946564885496
E17,A,bitcoin_sv,2021-08-02,524,C1,48,9.16030534351145
E17,A,bitcoin_sv,2021-08-02,524,C2,36,6.870229007633588
E17,B,bitcoin_sv,2021-08-02,763,C0,214,28.04718217562254
E17,B,bitcoin_sv,2021-08-02,763,C1,387,50.72083879423329
E17,B,bitcoin_sv,2021-08-02,763,C2,162,21.231979030144167
