event_id,cluster,A,B,W,attack_minus_benchmark_pp
E1,C0,46.15384615384615,23.529411764705884,36.7816091954023,22.62443438914027
E1,C1,7.6923076923076925,41.1764705882353,9.195402298850574,-33.484162895927604
E1,C2,11.538461538461538,5.882352941176471,27.586206896551722,5.656108597285067
E1,C3,23.076923076923077,25.49019607843137,21.455938697318008,-2.413273001508294
E1,C4,11.538461538461538,3.9215686274509802,4.980842911877395,7.616892911010558
E10,C0,18.78306878306878,52.30769230769231,24.945295404814004,-33.52462352462352
E10,C1,5.291005291005291,6.153846153846154,5.689277899343545,-0.862840862840863
E10,C2,2.1164021164021163,26.153846153846153,4.157549234135668,-24.037444037444036
E10,C3,14.55026455026455,10.76923076923077,15.098468271334792,3.7810337810337806
E10,C4,59.25925925925926,4.615384615384615,50.10940919037199,54.643874643874646
E11,C0,2.6936026936026938,15.017064846416382,7.651434643995749,-12.323462152813688
E11,C1,6.902356902356902,46.41638225255973,16.790648246546226,-39.51402535020283
E11,C2,36.7003367003367,5.802047781569966,28.161530286928798,30.89828891876673
E11,C3,45.79124579124579,32.76450511945392,42.29543039319872,13.02674067179187
E11,C4,7.912457912457913,0.0,5.100956429330499,7.912457912457913
E12,C0,1.834862385321101,29.25311203319502,23.735955056179776,-27.418249647873917
E12,C1,7.339449541284404,9.751037344398341,8.00561797752809,-2.411587803113937
E12,C2,51.37614678899082,14.730290456431534,24.719101123595507,36.64585633255929
E12,C3,22.477064220183486,45.43568464730291,33.42696629213483,-22.95862042711942
E12,C4,16.972477064220183,0.8298755186721992,10.112359550561798,16.142601545547983
E13,C0,7.111111111111111,14.227642276422765,12.12300413956239,-7.116531165311654
E13,C1,7.555555555555555,44.3089430894309,17.80011827321112,-36.75338753387534
E13,C2,1.1111111111111112,6.9105691056910565,4.376108811354229,-5.799457994579946
E13,C3,3.3333333333333335,9.75609756097561,5.440567711413365,-6.422764227642276
E13,C4,80.88888888888889,24.796747967479675,60.2602010644589,56.09214092140921
E14,C0,9.617373319544985,16.27906976744186,20.43662825955124,-6.661696447896876
E14,C1,8.686659772492243,38.604651162790695,14.918132201334142,-29.917991390298454
E14,C2,0.827300930713547,6.046511627906977,5.033353547604609,-5.21921069719343
E14,C3,5.170630816959669,7.441860465116279,6.367495451788963,-2.27122964815661
E14,C4,75.69803516028955,31.627906976744185,53.244390539721046,44.070128183545364
E15,C0,7.0821529745042495,20.930232558139537,14.71900089206066,-13.848079583635286
E15,C1,6.798866855524079,26.74418604651163,14.451382694023193,-19.94531919098755
E15,C2,1.274787535410765,5.232558139534884,3.746654772524532,-3.957770604124119
E15,C3,4.1076487252124645,8.13953488372093,5.352363960749331,-4.031886158508466
E15,C4,80.73654390934844,38.95348837209303,61.73059768064228,41.783055537255414
E16,C0,21.875,34.58461538461538,50.483202945237,-12.709615384615383
E16,C1,8.333333333333334,10.830769230769231,7.639208467556374,-2.4974358974358974
E16,C2,11.458333333333334,16.43076923076923,13.483663138518178,-4.972435897435895
E16,C3,53.125,33.41538461538462,25.494707777266452,19.709615384615383
E16,C4,5.208333333333333,4.7384615384615385,2.8992176714219973,0.46987179487179453
E17,C0,7.061068702290076,39.056356487549145,24.098504837291117,-31.99528778525907
E17,C1,4.580152671755725,9.305373525557012,5.980650835532102,-4.725220853801288
E17,C2,21.374045801526716,21.10091743119266,21.108179419525065,0.27312837033405657
E17,C3,24.045801526717558,28.440366972477065,27.352682497801233,-4.394565445759508
E17,C4,42.93893129770992,2.0969855832241153,21.459982409850483,40.8419457144858
E2,C0,13.405690818421824,18.639921722113503,19.041375693505202,-5.234230903691678
E2,C1,2.8747433264887063,6.090998043052838,5.39208921030114,-3.2162547165641313
E2,C2,30.595482546201232,16.99486301369863,18.34027988627895,13.600619532502602
E2,C3,38.867703138750365,53.583659491193735,52.35446741560628,-14.71595635244337
E2,C4,14.25638017013787,4.6905577299412915,4.871787794308427,9.565822440196579
E3,C0,15.025041736227045,12.506406970784214,34.329813160032494,2.5186347654428314
E3,C1,12.687813021702839,67.50384418247053,21.787164906580017,-54.81603116076769
E3,C2,2.671118530884808,2.7293695540748333,7.359870024370431,-0.058251023190025286
E3,C3,9.015025041736227,15.453613531522297,9.033306255077173,-6.438588489786071
E3,C4,60.60100166944908,1.8067657611481291,27.489845653939888,58.794235908300955
E4,C0,6.324110671936759,17.23834652594547,16.047366271947734,-10.914235854008712
E4,C1,4.3478260869565215,26.12137203166227,14.86320947325439,-21.773545944705745
E4,C2,46.34387351778656,20.756376429199648,30.257247856267863,25.587497088586915
E4,C3,27.07509881422925,35.09234828496042,31.441404654961207,-8.017249470731173
E4,C4,15.909090909090908,0.7915567282321899,7.390771743568804,15.11753418085872
E5,C0,17.956204379562045,43.54838709677419,28.844577984157333,-25.592182717212147
E5,C1,9.489051094890511,23.076923076923077,20.40426113083857,-13.587871982032565
E5,C2,3.3576642335766422,8.312655086848634,6.036602021305654,-4.954990853271992
E5,C3,14.452554744525548,9.205955334987593,11.854684512428298,5.246599409537955
E5,C4,54.74452554744526,15.8560794044665,32.85987435127014,38.88844614297876
E6,C0,3.5714285714285716,7.3991031390134525,3.8004750593824226,-3.827674567584881
E6,C1,82.14285714285714,70.47832585949178,75.05938242280286,11.664531283365363
E6,C2,0.0,5.306427503736921,0.4750593824228028,-5.306427503736921
E6,C3,10.714285714285714,16.06875934230194,19.239904988123516,-5.354473628016228
E6,C4,3.5714285714285716,0.7473841554559043,1.4251781472684086,2.824044415972667
E7,C0,13.089005235602095,48.148148148148145,36.46616541353384,-35.05914291254605
E7,C1,13.87434554973822,18.51851851851852,20.30075187969925,-4.6441729687803
E7,C2,12.303664921465968,10.774410774410775,12.719298245614034,1.5292541470551928
E7,C3,17.277486910994764,17.171717171717173,15.977443609022556,0.1057697392775907
E7,C4,43.455497382198956,5.3872053872053876,14.536340852130326,38.06829199499357
E8,C0,2.9115341545352744,11.583710407239819,4.941520467836257,-8.672176252704544
E8,C1,13.28107502799552,32.126696832579185,18.128654970760234,-18.845621804583665
E8,C2,5.016797312430011,6.6968325791855206,4.108187134502924,-1.6800352667555094
E8,C3,5.128779395296752,13.484162895927602,8.318713450292398,-8.35538350063085
E8,C4,73.66181410974244,36.10859728506787,64.50292397660819,37.553216824674564
E9,C0,1.7241379310344827,12.730627306273062,10.173160173160174,-11.00648937523858
E9,C1,10.344827586206897,43.91143911439114,36.58008658008658,-33.56661152818425
E9,C2,0.0,2.3985239852398523,3.6796536796536796,-2.3985239852398523
E9,C3,79.3103448275862,38.56088560885609,46.753246753246756,40.74945921873012
E9,C4,8.620689655172415,2.3985239852398523,2.813852813852814,6.222165669932562
