event_id,dataset,cryptocurrency,event_date,n_tweets,emotion,count,percentage
E1,W,feathercoin,2013-06-07,261,Happy,15,5.747126436781609
E1,W,feathercoin,2013-06-07,261,Angry,10,3.8314176245210727
E1,W,feathercoin,2013-06-07,261,Surprise,12,4.597701149425287
E1,W,feathercoin,2013-06-07,261,Sad,39,14.942528735632184
E1,W,feathercoin,2013-06-07,261,Fear,43,16.47509578544061
E1,A,feathercoin,2013-06-07,26,Happy,0,0.0
E1,A,feathercoin,2013-06-07,26,Angry,7,26.923076923076923
E1,A,feathercoin,2013-06-07,26,Surprise,0,0.0
E1,A,feathercoin,2013-06-07,26,Sad,11,42.30769230769231
E1,A,feathercoin,2013-06-07,26,Fear,2,7.6923076923076925
E1,B,feathercoin,2013-06-07,51,Happy,5,9.803921568627452
E1,B,feathercoin,2013-06-07,51,Angry,1,1.9607843137254901
E1,B,feathercoin,2013-06-07,51,Surprise,1,1.9607843137254901
E1,B,feathercoin,2013-06-07,51,Sad,4,7.8431372549019605
E1,B,feathercoin,2013-06-07,51,Fear,11,21.568627450980394
E2,W,bitcoin,2014-06-15,72458,Happy,10155,14.015015595241382
E2,W,bitcoin,2014-06-15,72458,Angry,1606,2.2164564299318226
E2,W,bitcoin,2014-06-15,72458,Surprise,5763,7.953573104419112
E2,W,bitcoin,2014-06-15,72458,Sad,7158,9.878826354577825
E2,W,bitcoin,2014-06-15,72458,Fear,28713,39.62709431670761
E2,A,bitcoin,2014-06-15,3409,Happy,89,2.610736286300968
E2,A,bitcoin,2014-06-15,3409,Angry,275,8.066881783514226
E2,A,bitcoin,2014-06-15,3409,Surprise,126,3.696098562628337
E2,A,bitcoin,2014-06-15,3409,Sad,276,8.096215899090643
E2,A,bitcoin,2014-06-15,3409,Fear,2282,66.94045174537987
E2,B,bitcoin,2014-06-15,65408,Happy,12205,18.6597969667319
E2,B,bitcoin,2014-06-15,65408,Angry,1747,2.6709271037181996
E2,B,bitcoin,2014-06-15,65408,Surprise,7494,11.457314090019569
E2,B,bitcoin,2014-06-15,65408,Sad,9346,14.288772015655578
E2,B,bitcoin,2014-06-15,65408,Fear,24252,37.07803326810176
E3,W,verge,2018-04-03,6155,Happy,498,8.09098294069862
E3,W,verge,2018-04-03,6155,Angry,350,5.686433793663688
E3,W,verge,2018-04-03,6155,Surprise,984,15.987002437043055
E3,W,verge,2018-04-03,6155,Sad,751,12.201462225832657
E3,W,verge,2018-04-03,6155,Fear,2244,36.45816409423233
E3,A,verge,2018-04-03,599,Happy,18,3.005008347245409
E3,A,verge,2018-04-03,599,Angry,104,17.362270450751254
E3,A,verge,2018-04-03,599,Surprise,52,8.681135225375627
E3,A,verge,2018-04-03,599,Sad,93,15.525876460767947
E3,A,verge,2018-04-03,599,Fear,254,42.404006677796325
E3,B,verge,2018-04-03,7804,Happy,4121,52.80625320348539
E3,B,verge,2018-04-03,7804,Angry,60,0.7688364941055869
E3,B,verge,2018-04-03,7804,Surprise,333,4.267042542286007
E3,B,verge,2018-04-03,7804,Sad,359,4.600205023065095
E3,B,verge,2018-04-03,7804,Fear,2036,26.089185033316248
E4,W,bitcoingold,2018-05-15,2449,Happy,170,6.9416088199265005
E4,W,bitcoingold,2018-05-15,2449,Angry,328,13.393221723152307
E4,W,bitcoingold,2018-05-15,2449,Surprise,154,6.288280930992242
E4,W,bitcoingold,2018-05-15,2449,Sad,305,12.45406288280931
E4,W,bitcoingold,2018-05-15,2449,Fear,879,35.89220089832585
E4,A,bitcoingold,2018-05-15,1012,Happy,10,0.9881422924901185
E4,A,bitcoingold,2018-05-15,1012,Angry,308,30.434782608695652
E4,A,bitcoingold,2018-05-15,1012,Surprise,45,4.446640316205533
E4,A,bitcoingold,2018-05-15,1012,Sad,133,13.142292490118576
E4,A,bitcoingold,2018-05-15,1012,Fear,356,35.17786561264822
E4,B,bitcoingold,2018-05-15,1137,Happy,123,10.817941952506596
E4,B,bitcoingold,2018-05-15,1137,Angry,23,2.0228671943711523
E4,B,bitcoingold,2018-05-15,1137,Surprise,222,19.525065963060687
E4,B,bitcoingold,2018-05-15,1137,Sad,127,11.169744942832015
E4,B,bitcoingold,2018-05-15,1137,Fear,299,26.297273526824977
E5,W,verge,2018-05-20,3661,Happy,237,6.4736410816716745
E5,W,verge,2018-05-20,3661,Angry,116,3.1685331876536464
E5,W,verge,2018-05-20,3661,Surprise,490,13.38432122370937
E5,W,verge,2018-05-20,3661,Sad,431,11.77273968860967
E5,W,verge,2018-05-20,3661,Fear,1195,32.641354821087134
E5,A,verge,2018-05-20,685,Happy,33,4.817518248175182
E5,A,verge,2018-05-20,685,Angry,69,10.072992700729927
E5,A,verge,2018-05-20,685,Surprise,30,4.37956204379562
E5,A,verge,2018-05-20,685,Sad,57,8.321167883211679
E5,A,verge,2018-05-20,685,Fear,284,41.45985401459854
E5,B,verge,2018-05-20,4030,Happy,419,10.397022332506204
E5,B,verge,2018-05-20,4030,Angry,54,1.3399503722084367
E5,B,verge,2018-05-20,4030,Surprise,469,11.63771712158809
E5,B,verge,2018-05-20,4030,Sad,510,12.655086848635236
E5,B,verge,2018-05-20,4030,Fear,1225,30.397022332506204
E6,W,litecoin_cash,2018-05-29,842,Happy,52,6.175771971496437
E6,W,litecoin_cash,2018-05-29,842,Angry,1,0.1187648456057007
E6,W,litecoin_cash,2018-05-29,842,Surprise,85,10.09501187648456
E6,W,litecoin_cash,2018-05-29,842,Sad,37,4.394299287410926
E6,W,litecoin_cash,2018-05-29,842,Fear,483,57.36342042755344
E6,A,litecoin_cash,2018-05-29,28,Happy,0,0.0
E6,A,litecoin_cash,2018-05-29,28,Angry,0,0.0
E6,A,litecoin_cash,2018-05-29,28,Surprise,2,7.142857142857143
E6,A,litecoin_cash,2018-05-29,28,Sad,0,0.0
E6,A,litecoin_cash,2018-05-29,28,Fear,5,17.857142857142858
E6,B,litecoin_cash,2018-05-29,1338,Happy,47,3.5127055306427506
E6,B,litecoin_cash,2018-05-29,1338,Angry,9,0.672645739910314
E6,B,litecoin_cash,2018-05-29,1338,Surprise,111,8.295964125560538
E6,B,litecoin_cash,2018-05-29,1338,Sad,76,5.680119581464873
E6,B,litecoin_cash,2018-05-29,1338,Fear,766,57.24962630792227
E7,W,vertcoin,2018-10-11,1596,Happy,128,8.020050125313283
E7,W,vertcoin,2018-10-11,1596,Angry,51,3.1954887218045114
E7,W,vertcoin,2018-10-11,1596,Surprise,165,10.338345864661655
E7,W,vertcoin,2018-10-11,1596,Sad,212,13.283208020050125
E7,W,vertcoin,2018-10-11,1596,Fear,533,33.39598997493734
E7,A,vertcoin,2018-10-11,382,Happy,4,1.0471204188481675
E7,A,vertcoin,2018-10-11,382,Angry,26,6.806282722513089
E7,A,vertcoin,2018-10-11,382,Surprise,58,15.18324607329843
E7,A,vertcoin,2018-10-11,382,Sad,74,19.3717277486911
E7,A,vertcoin,2018-10-11,382,Fear,156,40.83769633507853
E7,B,vertcoin,2018-10-11,297,Happy,49,16.4983164983165
E7,B,vertcoin,2018-10-11,297,Angry,3,1.0101010101010102
E7,B,vertcoin,2018-10-11,297,Surprise,33,11.11111111111111
E7,B,vertcoin,2018-10-11,297,Sad,36,12.121212121212121
E7,B,vertcoin,2018-10-11,297,Fear,72,24.242424242424242
E8,W,ethereum_classic,2019-01-04,6840,Happy,131,1.9152046783625731
E8,W,ethereum_classic,2019-01-04,6840,Angry,362,5.292397660818714
E8,W,ethereum_classic,2019-01-04,6840,Surprise,764,11.169590643274853
E8,W,ethereum_classic,2019-01-04,6840,Sad,361,5.277777777777778
E8,W,ethereum_classic,2019-01-04,6840,Fear,3275,47.880116959064324
E8,A,ethereum_classic,2019-01-04,4465,Happy,32,0.7166853303471444
E8,A,ethereum_classic,2019-01-04,4465,Angry,315,7.054871220604703
E8,A,ethereum_classic,2019-01-04,4465,Surprise,341,7.637178051511758
E8,A,ethereum_classic,2019-01-04,4465,Sad,209,4.680851063829787
E8,A,ethereum_classic,2019-01-04,4465,Fear,2313,51.80291153415453
E8,B,ethereum_classic,2019-01-04,1105,Happy,40,3.6199095022624435
E8,B,ethereum_classic,2019-01-04,1105,Angry,45,4.072398190045249
E8,B,ethereum_classic,2019-01-04,1105,Surprise,174,15.746606334841628
E8,B,ethereum_classic,2019-01-04,1105,Sad,145,13.122171945701357
E8,B,ethereum_classic,2019-01-04,1105,Fear,497,44.977375565610856
E9,W,litecoin_cash,2019-07-03,462,Happy,20,4.329004329004329
E9,W,litecoin_cash,2019-07-03,462,Angry,4,0.8658008658008658
E9,W,litecoin_cash,2019-07-03,462,Surprise,35,7.575757575757576
E9,W,litecoin_cash,2019-07-03,462,Sad,41,8.874458874458874
E9,W,litecoin_cash,2019-07-03,462,Fear,155,33.54978354978355
E9,A,litecoin_cash,2019-07-03,58,Happy,0,0.0
E9,A,litecoin_cash,2019-07-03,58,Angry,0,0.0
E9,A,litecoin_cash,2019-07-03,58,Surprise,3,5.172413793103448
E9,A,litecoin_cash,2019-07-03,58,Sad,0,0.0
E9,A,litecoin_cash,2019-07-03,58,Fear,8,13.793103448275861
E9,B,litecoin_cash,2019-07-03,542,Happy,36,6.642066420664206
E9,B,litecoin_cash,2019-07-03,542,Angry,14,2.5830258302583027
E9,B,litecoin_cash,2019-07-03,542,Surprise,43,7.9335793357933575
E9,B,litecoin_cash,2019-07-03,542,Sad,24,4.428044280442805
E9,B,litecoin_cash,2019-07-03,542,Fear,257,47.4169741697417
E10,W,vertcoin,2019-11-30,457,Happy,9,1.9693654266958425
E10,W,vertcoin,2019-11-30,457,Angry,26,5.689277899343545
E10,W,vertcoin,2019-11-30,457,Surprise,29,6.3457330415754925
E10,W,vertcoin,2019-11-30,457,Sad,72,15.75492341356674
E10,W,vertcoin,2019-11-30,457,Fear,180,39.38730853391685
E10,A,vertcoin,2019-11-30,378,Happy,1,0.26455026455026454
E10,A,vertcoin,2019-11-30,378,Angry,24,6.349206349206349
E10,A,vertcoin,2019-11-30,378,Surprise,18,4.761904761904762
E10,A,vertcoin,2019-11-30,378,Sad,61,16.137566137566136
E10,A,vertcoin,2019-11-30,378,Fear,153,40.476190476190474
E10,B,vertcoin,2019-11-30,65,Happy,13,20.0
E10,B,vertcoin,2019-11-30,65,Angry,2,3.076923076923077
E10,B,vertcoin,2019-11-30,65,Surprise,9,13.846153846153847
E10,B,vertcoin,2019-11-30,65,Sad,5,7.6923076923076925
E10,B,vertcoin,2019-11-30,65,Fear,16,24.615384615384617
E11,W,bitcoingold,2020-01-22,941,Happy,24,2.5504782146652496
E11,W,bitcoingold,2020-01-22,941,Angry,245,26.03613177470776
E11,W,bitcoingold,2020-01-22,941,Surprise,48,5.100956429330499
E11,W,bitcoingold,2020-01-22,941,Sad,89,9.458023379383635
E11,W,bitcoingold,2020-01-22,941,Fear,316,33.58129649309245
E11,A,bitcoingold,2020-01-22,594,Happy,6,1.0101010101010102
E11,A,bitcoingold,2020-01-22,594,Angry,238,40.06734006734007
E11,A,bitcoingold,2020-01-22,594,Surprise,7,1.1784511784511784
E11,A,bitcoingold,2020-01-22,594,Sad,28,4.713804713804714
E11,A,bitcoingold,2020-01-22,594,Fear,188,31.64983164983165
E11,B,bitcoingold,2020-01-22,293,Happy,23,7.849829351535837
E11,B,bitcoingold,2020-01-22,293,Angry,3,1.023890784982935
E11,B,bitcoingold,2020-01-22,293,Surprise,45,15.358361774744028
E11,B,bitcoingold,2020-01-22,293,Sad,24,8.19112627986348
E11,B,bitcoingold,2020-01-22,293,Fear,83,28.32764505119454
E12,W,bitcoingold,2020-07-01,712,Happy,29,4.073033707865169
E12,W,bitcoingold,2020-07-01,712,Angry,7,0.9831460674157303
E12,W,bitcoingold,2020-07-01,712,Surprise,42,5.898876404494382
E12,W,bitcoingold,2020-07-01,712,Sad,71,9.97191011235955
E12,W,bitcoingold,2020-07-01,712,Fear,434,60.95505617977528
E12,A,bitcoingold,2020-07-01,218,Happy,1,0.45871559633027525
E12,A,bitcoingold,2020-07-01,218,Angry,1,0.45871559633027525
E12,A,bitcoingold,2020-07-01,218,Surprise,4,1.834862385321101
E12,A,bitcoingold,2020-07-01,218,Sad,7,3.2110091743119265
E12,A,bitcoingold,2020-07-01,218,Fear,193,88.53211009174312
E12,B,bitcoingold,2020-07-01,482,Happy,35,7.261410788381743
E12,B,bitcoingold,2020-07-01,482,Angry,14,2.904564315352697
E12,B,bitcoingold,2020-07-01,482,Surprise,66,13.692946058091286
E12,B,bitcoingold,2020-07-01,482,Sad,40,8.298755186721992
E12,B,bitcoingold,2020-07-01,482,Fear,187,38.79668049792531
E13,W,ethereum_classic,2020-07-28,1691,Happy,88,5.2040212891780016
E13,W,ethereum_classic,2020-07-28,1691,Angry,71,4.198698994677706
E13,W,ethereum_classic,2020-07-28,1691,Surprise,118,6.9781194559432285
E13,W,ethereum_classic,2020-07-28,1691,Sad,113,6.682436428149024
E13,W,ethereum_classic,2020-07-28,1691,Fear,647,38.26138379657008
E13,A,ethereum_classic,2020-07-28,900,Happy,23,2.5555555555555554
E13,A,ethereum_classic,2020-07-28,900,Angry,50,5.555555555555555
E13,A,ethereum_classic,2020-07-28,900,Surprise,65,7.222222222222222
E13,A,ethereum_classic,2020-07-28,900,Sad,26,2.888888888888889
E13,A,ethereum_classic,2020-07-28,900,Fear,319,35.44444444444444
E13,B,ethereum_classic,2020-07-28,246,Happy,26,10.56910569105691
E13,B,ethereum_classic,2020-07-28,246,Angry,14,5.691056910569106
E13,B,ethereum_classic,2020-07-28,246,Surprise,11,4.471544715447155
E13,B,ethereum_classic,2020-07-28,246,Sad,21,8.536585365853659
E13,B,ethereum_classic,2020-07-28,246,Fear,92,37.39837398373984
E14,W,ethereum_classic,2020-08-04,1649,Happy,74,4.487568223165555
E14,W,ethereum_classic,2020-08-04,1649,Angry,95,5.761067313523347
E14,W,ethereum_classic,2020-08-04,1649,Surprise,120,7.277137659187386
E14,W,ethereum_classic,2020-08-04,1649,Sad,181,10.976349302607641
E14,W,ethereum_classic,2020-08-04,1649,Fear,641,38.87204366282595
E14,A,ethereum_classic,2020-08-04,967,Happy,34,3.5160289555325748
E14,A,ethereum_classic,2020-08-04,967,Angry,58,5.997931747673216
E14,A,ethereum_classic,2020-08-04,967,Surprise,66,6.825232678386763
E14,A,ethereum_classic,2020-08-04,967,Sad,48,4.963805584281283
E14,A,ethereum_classic,2020-08-04,967,Fear,362,37.435367114788
E14,B,ethereum_classic,2020-08-04,215,Happy,16,7.441860465116279
E14,B,ethereum_classic,2020-08-04,215,Angry,7,3.255813953488372
E14,B,ethereum_classic,2020-08-04,215,Surprise,20,9.30232558139535
E14,B,ethereum_classic,2020-08-04,215,Sad,23,10.69767441860465
E14,B,ethereum_classic,2020-08-04,215,Fear,81,37.674418604651166
E15,W,ethereum_classic,2020-08-28,1121,Happy,29,2.5869759143621764
E15,W,ethereum_classic,2020-08-28,1121,Angry,182,16.23550401427297
E15,W,ethereum_classic,2020-08-28,1121,Surprise,99,8.831400535236396
E15,W,ethereum_classic,2020-08-28,1121,Sad,70,6.244424620874219
E15,W,ethereum_classic,2020-08-28,1121,Fear,419,37.377341659232826
E15,A,ethereum_classic,2020-08-28,706,Happy,3,0.42492917847025496
E15,A,ethereum_classic,2020-08-28,706,Angry,172,24.362606232294617
E15,A,ethereum_classic,2020-08-28,706,Surprise,79,11.189801699716714
E15,A,ethereum_classic,2020-08-28,706,Sad,36,5.09915014164306
E15,A,ethereum_classic,2020-08-28,706,Fear,206,29.178470254957507
E15,B,ethereum_classic,2020-08-28,172,Happy,9,5.232558139534884
E15,B,ethereum_classic,2020-08-28,172,Angry,0,0.0
E15,B,ethereum_classic,2020-08-28,172,Surprise,14,8.13953488372093
E15,B,ethereum_classic,2020-08-28,172,Sad,14,8.13953488372093
E15,B,ethereum_classic,2020-08-28,172,Fear,87,50.58139534883721
E16,W,bitcoin_sv,2021-06-23,2173,Happy,197,9.065807639208467
E16,W,bitcoin_sv,2021-06-23,2173,Angry,42,1.932811780947998
E16,W,bitcoin_sv,2021-06-23,2173,Surprise,263,12.103083294983893
E16,W,bitcoin_sv,2021-06-23,2173,Sad,293,13.483663138518178
E16,W,bitcoin_sv,2021-06-23,2173,Fear,871,40.082834790612054
E16,A,bitcoin_sv,2021-06-23,96,Happy,3,3.125
E16,A,bitcoin_sv,2021-06-23,96,Angry,0,0.0
E16,A,bitcoin_sv,2021-06-23,96,Surprise,8,8.333333333333334
E16,A,bitcoin_sv,2021-06-23,96,Sad,5,5.208333333333333
E16,A,bitcoin_sv,2021-06-23,96,Fear,73,76.04166666666667
E16,B,bitcoin_sv,2021-06-23,1625,Happy,197,12.123076923076923
E16,B,bitcoin_sv,2021-06-23,1625,Angry,29,1.7846153846153847
E16,B,bitcoin_sv,2021-06-23,1625,Surprise,192,11.815384615384616
E16,B,bitcoin_sv,2021-06-23,1625,Sad,206,12.676923076923076
E16,B,bitcoin_sv,2021-06-23,1625,Fear,578,35.56923076923077
E17,W,bitcoin_sv,2021-08-02,1137,Happy,86,7.563764291996482
E17,W,bitcoin_sv,2021-08-02,1137,Angry,46,4.0457343887423045
E17,W,bitcoin_sv,2021-08-02,1137,Surprise,112,9.850483729111698
E17,W,bitcoin_sv,2021-08-02,1137,Sad,84,7.387862796833773
E17,W,bitcoin_sv,2021-08-02,1137,Fear,484,42.56816182937555
E17,A,bitcoin_sv,2021-08-02,524,Happy,8,1.5267175572519085
E17,A,bitcoin_sv,2021-08-02,524,Angry,36,6.870229007633588
E17,A,bitcoin_sv,2021-08-02,524,Surprise,54,10.305343511450381
E17,A,bitcoin_sv,2021-08-02,524,Sad,29,5.534351145038168
E17,A,bitcoin_sv,2021-08-02,524,Fear,264,50.38167938931298
E17,B,bitcoin_sv,2021-08-02,763,Happy,118,15.46526867627785
E17,B,bitcoin_sv,2021-08-02,763,Angry,17,2.2280471821756227
E17,B,bitcoin_sv,2021-08-02,763,Surprise,64,8.387942332896461
E17,B,bitcoin_sv,2021-08-02,763,Sad,126,16.513761467889907
E17,B,bitcoin_sv,2021-08-02,763,Fear,226,29.61992136304063
