event_id,dataset,cryptocurrency,event_date,n_tweets,combination,count,percentage
E1,W,feathercoin,2013-06-07,261,None,143,54.78927203065134
E1,W,feathercoin,2013-06-07,261,Happy,15,5.747126436781609
E1,W,feathercoin,2013-06-07,261,Surprise,12,4.597701149425287
E1,W,feathercoin,2013-06-07,261,Fear,42,16.091954022988507
E1,W,feathercoin,2013-06-07,261,Sad,39,14.942528735632184
E1,W,feathercoin,2013-06-07,261,Angry,9,3.4482758620689653
E1,W,feathercoin,2013-06-07,261,Angry+Fear,1,0.3831417624521073
E1,A,feathercoin,2013-06-07,26,None,6,23.076923076923077
E1,A,feathercoin,2013-06-07,26,Angry,7,26.923076923076923
E1,A,feathercoin,2013-06-07,26,Fear,2,7.6923076923076925
E1,A,feathercoin,2013-06-07,26,Sad,11,42.30769230769231
E1,B,feathercoin,2013-06-07,51,None,29,56.86274509803921
E1,B,feathercoin,2013-06-07,51,Sad,4,7.8431372549019605
E1,B,feathercoin,2013-06-07,51,Fear,11,21.568627450980394
E1,B,feathercoin,2013-06-07,51,Surprise,1,1.9607843137254901
E1,B,feathercoin,2013-06-07,51,Happy,5,9.803921568627452
E1,B,feathercoin,2013-06-07,51,Angry,1,1.9607843137254901
E2,W,bitcoin,2014-06-15,72458,None,23770,32.80521129481907
E2,W,bitcoin,2014-06-15,72458,Happy+Fear,2092,2.887189820309697
E2,W,bitcoin,2014-06-15,72458,Fear,25002,34.50550663832841
E2,W,bitcoin,2014-06-15,72458,Sad,5958,8.222694526484307
E2,W,bitcoin,2014-06-15,72458,Surprise,4686,6.467194788705181
E2,W,bitcoin,2014-06-15,72458,Happy,7357,10.15346821607
E2,W,bitcoin,2014-06-15,72458,Angry,978,1.3497474398962157
E2,W,bitcoin,2014-06-15,72458,Happy+Surprise,429,0.592067128543432
E2,W,bitcoin,2014-06-15,72458,Sad+Fear,800,1.1040878853956775
E2,W,bitcoin,2014-06-15,72458,Surprise+Fear,477,0.6583124016671728
E2,W,bitcoin,2014-06-15,72458,Angry+Fear,342,0.47199757100665213
E2,W,bitcoin,2014-06-15,72458,Happy+Sad,257,0.3546882331833614
E2,W,bitcoin,2014-06-15,72458,Angry+Surprise,147,0.20287614894145575
E2,W,bitcoin,2014-06-15,72458,Happy+Angry,20,0.027602197134891936
E2,W,bitcoin,2014-06-15,72458,Angry+Sad,119,0.16423307295260703
E2,W,bitcoin,2014-06-15,72458,Surprise+Sad,24,0.033122636561870325
E2,A,bitcoin,2014-06-15,3409,Fear,1993,58.462892343795836
E2,A,bitcoin,2014-06-15,3409,Surprise,91,2.6694045174537986
E2,A,bitcoin,2014-06-15,3409,None,653,19.155177471399238
E2,A,bitcoin,2014-06-15,3409,Surprise+Fear,33,0.9680258140217073
E2,A,bitcoin,2014-06-15,3409,Happy+Fear,22,0.6453505426811381
E2,A,bitcoin,2014-06-15,3409,Happy,65,1.906717512466999
E2,A,bitcoin,2014-06-15,3409,Sad,166,4.8694631856849515
E2,A,bitcoin,2014-06-15,3409,Angry+Fear,125,3.6667644470519214
E2,A,bitcoin,2014-06-15,3409,Angry,149,4.37078322088589
E2,A,bitcoin,2014-06-15,3409,Sad+Fear,109,3.1974185978292753
E2,A,bitcoin,2014-06-15,3409,Angry+Sad,1,0.02933411557641537
E2,A,bitcoin,2014-06-15,3409,Happy+Surprise,2,0.05866823115283074
E2,B,bitcoin,2014-06-15,65408,None,18567,28.38643590998043
E2,B,bitcoin,2014-06-15,65408,Fear,17573,26.866744129158512
E2,B,bitcoin,2014-06-15,65408,Sad,6938,10.60726516634051
E2,B,bitcoin,2014-06-15,65408,Happy,7412,11.331947162426614
E2,B,bitcoin,2014-06-15,65408,Surprise+Fear,1289,1.9707069471624266
E2,B,bitcoin,2014-06-15,65408,Happy+Fear,3675,5.618578767123288
E2,B,bitcoin,2014-06-15,65408,Sad+Fear,1569,2.3987891389432487
E2,B,bitcoin,2014-06-15,65408,Surprise,5371,8.211533757338552
E2,B,bitcoin,2014-06-15,65408,Happy+Sad,482,0.736912915851272
E2,B,bitcoin,2014-06-15,65408,Angry,1344,2.0547945205479454
E2,B,bitcoin,2014-06-15,65408,Angry+Surprise,49,0.07491438356164383
E2,B,bitcoin,2014-06-15,65408,Happy+Surprise,620,0.9478962818003914
E2,B,bitcoin,2014-06-15,65408,Angry+Fear,146,0.22321428571428573
E2,B,bitcoin,2014-06-15,65408,Surprise+Sad,165,0.25226272015655576
E2,B,bitcoin,2014-06-15,65408,Happy+Angry,16,0.02446183953033268
E2,B,bitcoin,2014-06-15,65408,Angry+Sad,192,0.29354207436399216
E3,W,verge,2018-04-03,6155,Angry,283,4.597887896019496
E3,W,verge,2018-04-03,6155,None,1581,25.68643379366369
E3,W,verge,2018-04-03,6155,Fear,2050,33.30625507717303
E3,W,verge,2018-04-03,6155,Sad,636,10.33306255077173
E3,W,verge,2018-04-03,6155,Surprise,917,14.898456539398863
E3,W,verge,2018-04-03,6155,Happy,435,7.067424857839155
E3,W,verge,2018-04-03,6155,Sad+Fear,71,1.1535337124289196
E3,W,verge,2018-04-03,6155,Happy+Fear,44,0.7148659626320065
E3,W,verge,2018-04-03,6155,Happy+Angry,1,0.016246953696181964
E3,W,verge,2018-04-03,6155,Surprise+Fear,51,0.8285946385052803
E3,W,verge,2018-04-03,6155,Angry+Fear,28,0.45491470349309504
E3,W,verge,2018-04-03,6155,Happy+Surprise,10,0.16246953696181965
E3,W,verge,2018-04-03,6155,Happy+Sad,8,0.12997562956945571
E3,W,verge,2018-04-03,6155,Angry+Surprise,4,0.06498781478472786
E3,W,verge,2018-04-03,6155,Angry+Sad,34,0.5523964256701869
E3,W,verge,2018-04-03,6155,Surprise+Sad,2,0.03249390739236393
E3,A,verge,2018-04-03,599,Fear,229,38.230383973288816
E3,A,verge,2018-04-03,599,Surprise,45,7.512520868113523
E3,A,verge,2018-04-03,599,None,139,23.20534223706177
E3,A,verge,2018-04-03,599,Sad,50,8.347245409015025
E3,A,verge,2018-04-03,599,Angry,61,10.18363939899833
E3,A,verge,2018-04-03,599,Angry+Fear,9,1.5025041736227045
E3,A,verge,2018-04-03,599,Happy+Sad,2,0.333889816360601
E3,A,verge,2018-04-03,599,Sad+Fear,7,1.1686143572621035
E3,A,verge,2018-04-03,599,Happy,14,2.337228714524207
E3,A,verge,2018-04-03,599,Angry+Sad,34,5.676126878130217
E3,A,verge,2018-04-03,599,Surprise+Fear,7,1.1686143572621035
E3,A,verge,2018-04-03,599,Happy+Fear,2,0.333889816360601
E3,B,verge,2018-04-03,7804,Fear,1843,23.616094310609945
E3,B,verge,2018-04-03,7804,Happy,3992,51.15325474115838
E3,B,verge,2018-04-03,7804,Surprise,288,3.690415171706817
E3,B,verge,2018-04-03,7804,None,1118,14.325986673500768
E3,B,verge,2018-04-03,7804,Sad,299,3.831368528959508
E3,B,verge,2018-04-03,7804,Angry,41,0.5253716043054844
E3,B,verge,2018-04-03,7804,Sad+Fear,40,0.5125576627370579
E3,B,verge,2018-04-03,7804,Happy+Fear,107,1.37109174782163
E3,B,verge,2018-04-03,7804,Surprise+Fear,28,0.35879036391594055
E3,B,verge,2018-04-03,7804,Happy+Sad,13,0.16658124038954383
E3,B,verge,2018-04-03,7804,Angry+Fear,18,0.23065094823167606
E3,B,verge,2018-04-03,7804,Surprise+Sad,7,0.08969759097898514
E3,B,verge,2018-04-03,7804,Happy+Surprise,9,0.11532547411583803
E3,B,verge,2018-04-03,7804,Angry+Surprise,1,0.012813941568426449
E4,W,bitcoingold,2018-05-15,2449,None,693,28.29726418946509
E4,W,bitcoingold,2018-05-15,2449,Sad,270,11.024908125765618
E4,W,bitcoingold,2018-05-15,2449,Fear,806,32.91139240506329
E4,W,bitcoingold,2018-05-15,2449,Surprise,134,5.471621069824418
E4,W,bitcoingold,2018-05-15,2449,Angry,318,12.984891792568396
E4,W,bitcoingold,2018-05-15,2449,Sad+Fear,32,1.3066557778685177
E4,W,bitcoingold,2018-05-15,2449,Surprise+Fear,15,0.6124948958758677
E4,W,bitcoingold,2018-05-15,2449,Happy+Fear,18,0.7349938750510412
E4,W,bitcoingold,2018-05-15,2449,Happy,148,6.043282972641895
E4,W,bitcoingold,2018-05-15,2449,Angry+Fear,8,0.32666394446712943
E4,W,bitcoingold,2018-05-15,2449,Angry+Sad,2,0.08166598611678236
E4,W,bitcoingold,2018-05-15,2449,Happy+Surprise,4,0.16333197223356472
E4,W,bitcoingold,2018-05-15,2449,Surprise+Sad,1,0.04083299305839118
E4,A,bitcoingold,2018-05-15,1012,None,180,17.786561264822133
E4,A,bitcoingold,2018-05-15,1012,Sad,122,12.055335968379447
E4,A,bitcoingold,2018-05-15,1012,Fear,337,33.30039525691699
E4,A,bitcoingold,2018-05-15,1012,Surprise,40,3.952569169960474
E4,A,bitcoingold,2018-05-15,1012,Angry,304,30.039525691699605
E4,A,bitcoingold,2018-05-15,1012,Sad+Fear,10,0.9881422924901185
E4,A,bitcoingold,2018-05-15,1012,Surprise+Fear,5,0.49407114624505927
E4,A,bitcoingold,2018-05-15,1012,Angry+Fear,3,0.2964426877470356
E4,A,bitcoingold,2018-05-15,1012,Happy,9,0.8893280632411067
E4,A,bitcoingold,2018-05-15,1012,Happy+Fear,1,0.09881422924901186
E4,A,bitcoingold,2018-05-15,1012,Angry+Sad,1,0.09881422924901186
E4,B,bitcoingold,2018-05-15,1137,Angry,20,1.7590149516270888
E4,B,bitcoingold,2018-05-15,1137,None,400,35.180299032541775
E4,B,bitcoingold,2018-05-15,1137,Surprise,199,17.502198768689535
E4,B,bitcoingold,2018-05-15,1137,Fear,253,22.251539138082673
E4,B,bitcoingold,2018-05-15,1137,Sad,114,10.026385224274406
E4,B,bitcoingold,2018-05-15,1137,Happy+Sad,4,0.3518029903254178
E4,B,bitcoingold,2018-05-15,1137,Happy,94,8.267370272647318
E4,B,bitcoingold,2018-05-15,1137,Angry+Fear,3,0.2638522427440633
E4,B,bitcoingold,2018-05-15,1137,Happy+Fear,18,1.5831134564643798
E4,B,bitcoingold,2018-05-15,1137,Surprise+Fear,16,1.4072119613016711
E4,B,bitcoingold,2018-05-15,1137,Sad+Fear,9,0.7915567282321899
E4,B,bitcoingold,2018-05-15,1137,Happy+Surprise,7,0.6156552330694811
E5,W,verge,2018-05-20,3661,None,1333,36.41081671674406
E5,W,verge,2018-05-20,3661,Fear,1073,29.30893198579623
E5,W,verge,2018-05-20,3661,Surprise,431,11.77273968860967
E5,W,verge,2018-05-20,3661,Sad+Fear,35,0.9560229445506692
E5,W,verge,2018-05-20,3661,Sad,386,10.543567331330237
E5,W,verge,2018-05-20,3661,Happy,199,5.4356733133023765
E5,W,verge,2018-05-20,3661,Angry,98,2.676864244741874
E5,W,verge,2018-05-20,3661,Surprise+Fear,50,1.3657470636438132
E5,W,verge,2018-05-20,3661,Happy+Fear,23,0.6282436492761541
E5,W,verge,2018-05-20,3661,Angry+Fear,14,0.3824091778202677
E5,W,verge,2018-05-20,3661,Happy+Sad,9,0.24583447145588638
E5,W,verge,2018-05-20,3661,Happy+Surprise,5,0.13657470636438132
E5,W,verge,2018-05-20,3661,Happy+Angry,1,0.027314941272876262
E5,W,verge,2018-05-20,3661,Surprise+Sad,1,0.027314941272876262
E5,W,verge,2018-05-20,3661,Angry+Surprise,3,0.08194482381862879
E5,A,verge,2018-05-20,685,Fear,263,38.394160583941606
E5,A,verge,2018-05-20,685,Surprise,19,2.7737226277372264
E5,A,verge,2018-05-20,685,None,238,34.74452554744526
E5,A,verge,2018-05-20,685,Angry,63,9.197080291970803
E5,A,verge,2018-05-20,685,Sad,47,6.861313868613139
E5,A,verge,2018-05-20,685,Surprise+Fear,8,1.167883211678832
E5,A,verge,2018-05-20,685,Angry+Fear,3,0.43795620437956206
E5,A,verge,2018-05-20,685,Sad+Fear,8,1.167883211678832
E5,A,verge,2018-05-20,685,Happy,29,4.233576642335766
E5,A,verge,2018-05-20,685,Happy+Fear,2,0.291970802919708
E5,A,verge,2018-05-20,685,Happy+Sad,2,0.291970802919708
E5,A,verge,2018-05-20,685,Angry+Surprise,3,0.43795620437956206
E5,B,verge,2018-05-20,4030,None,1538,38.16377171215881
E5,B,verge,2018-05-20,4030,Sad,434,10.76923076923077
E5,B,verge,2018-05-20,4030,Surprise,418,10.372208436724566
E5,B,verge,2018-05-20,4030,Fear,1075,26.674937965260547
E5,B,verge,2018-05-20,4030,Happy,337,8.36228287841191
E5,B,verge,2018-05-20,4030,Angry+Fear,10,0.24813895781637718
E5,B,verge,2018-05-20,4030,Surprise+Fear,32,0.794044665012407
E5,B,verge,2018-05-20,4030,Happy+Fear,50,1.2406947890818858
E5,B,verge,2018-05-20,4030,Angry,43,1.066997518610422
E5,B,verge,2018-05-20,4030,Happy+Surprise,17,0.4218362282878412
E5,B,verge,2018-05-20,4030,Sad+Fear,58,1.4392059553349876
E5,B,verge,2018-05-20,4030,Happy+Sad,15,0.37220843672456577
E5,B,verge,2018-05-20,4030,Angry+Sad,1,0.02481389578163772
E5,B,verge,2018-05-20,4030,Surprise+Sad,2,0.04962779156327544
E6,W,litecoin_cash,2018-05-29,842,Sad,30,3.5629453681710213
E6,W,litecoin_cash,2018-05-29,842,None,203,24.109263657957246
E6,W,litecoin_cash,2018-05-29,842,Fear,468,55.581947743467936
E6,W,litecoin_cash,2018-05-29,842,Happy+Fear,6,0.7125890736342043
E6,W,litecoin_cash,2018-05-29,842,Sad+Fear,4,0.4750593824228028
E6,W,litecoin_cash,2018-05-29,842,Happy,43,5.10688836104513
E6,W,litecoin_cash,2018-05-29,842,Happy+Sad,2,0.2375296912114014
E6,W,litecoin_cash,2018-05-29,842,Surprise,78,9.263657957244655
E6,W,litecoin_cash,2018-05-29,842,Angry,1,0.1187648456057007
E6,W,litecoin_cash,2018-05-29,842,Surprise+Fear,5,0.5938242280285035
E6,W,litecoin_cash,2018-05-29,842,Happy+Surprise,1,0.1187648456057007
E6,W,litecoin_cash,2018-05-29,842,Surprise+Sad,1,0.1187648456057007
E6,A,litecoin_cash,2018-05-29,28,None,21,75.0
E6,A,litecoin_cash,2018-05-29,28,Surprise,2,7.142857142857143
E6,A,litecoin_cash,2018-05-29,28,Fear,5,17.857142857142858
E6,B,litecoin_cash,2018-05-29,1338,None,355,26.532137518684603
E6,B,litecoin_cash,2018-05-29,1338,Surprise,102,7.623318385650224
E6,B,litecoin_cash,2018-05-29,1338,Fear,743,55.530642750373694
E6,B,litecoin_cash,2018-05-29,1338,Sad,66,4.932735426008969
E6,B,litecoin_cash,2018-05-29,1338,Surprise+Fear,7,0.523168908819133
E6,B,litecoin_cash,2018-05-29,1338,Happy,38,2.8400597907324365
E6,B,litecoin_cash,2018-05-29,1338,Sad+Fear,8,0.5979073243647235
E6,B,litecoin_cash,2018-05-29,1338,Angry,8,0.5979073243647235
E6,B,litecoin_cash,2018-05-29,1338,Happy+Fear,7,0.523168908819133
E6,B,litecoin_cash,2018-05-29,1338,Happy+Surprise,1,0.07473841554559044
E6,B,litecoin_cash,2018-05-29,1338,Happy+Sad,1,0.07473841554559044
E6,B,litecoin_cash,2018-05-29,1338,Surprise+Sad,1,0.07473841554559044
E6,B,litecoin_cash,2018-05-29,1338,Angry+Fear,1,0.07473841554559044
E7,W,vertcoin,2018-10-11,1596,None,588,36.8421052631579
E7,W,vertcoin,2018-10-11,1596,Sad,185,11.591478696741854
E7,W,vertcoin,2018-10-11,1596,Fear,463,29.01002506265664
E7,W,vertcoin,2018-10-11,1596,Happy,96,6.015037593984962
E7,W,vertcoin,2018-10-11,1596,Surprise,150,9.398496240601503
E7,W,vertcoin,2018-10-11,1596,Sad+Fear,23,1.4411027568922306
E7,W,vertcoin,2018-10-11,1596,Angry,33,2.0676691729323307
E7,W,vertcoin,2018-10-11,1596,Surprise+Fear,9,0.5639097744360902
E7,W,vertcoin,2018-10-11,1596,Happy+Fear,28,1.7543859649122806
E7,W,vertcoin,2018-10-11,1596,Angry+Sad,2,0.12531328320802004
E7,W,vertcoin,2018-10-11,1596,Angry+Fear,10,0.6265664160401002
E7,W,vertcoin,2018-10-11,1596,Angry+Surprise,5,0.3132832080200501
E7,W,vertcoin,2018-10-11,1596,Happy+Sad,2,0.12531328320802004
E7,W,vertcoin,2018-10-11,1596,Happy+Angry,1,0.06265664160401002
E7,W,vertcoin,2018-10-11,1596,Happy+Surprise,1,0.06265664160401002
E7,A,vertcoin,2018-10-11,382,Sad,69,18.06282722513089
E7,A,vertcoin,2018-10-11,382,Fear,143,37.43455497382199
E7,A,vertcoin,2018-10-11,382,None,85,22.25130890052356
E7,A,vertcoin,2018-10-11,382,Surprise,49,12.827225130890053
E7,A,vertcoin,2018-10-11,382,Sad+Fear,3,0.7853403141361257
E7,A,vertcoin,2018-10-11,382,Angry,14,3.6649214659685865
E7,A,vertcoin,2018-10-11,382,Surprise+Fear,3,0.7853403141361257
E7,A,vertcoin,2018-10-11,382,Angry+Sad,2,0.5235602094240838
E7,A,vertcoin,2018-10-11,382,Angry+Fear,5,1.3089005235602094
E7,A,vertcoin,2018-10-11,382,Angry+Surprise,5,1.3089005235602094
E7,A,vertcoin,2018-10-11,382,Happy,1,0.2617801047120419
E7,A,vertcoin,2018-10-11,382,Happy+Fear,2,0.5235602094240838
E7,A,vertcoin,2018-10-11,382,Happy+Surprise,1,0.2617801047120419
E7,B,vertcoin,2018-10-11,297,Happy,42,14.141414141414142
E7,B,vertcoin,2018-10-11,297,Sad,32,10.774410774410775
E7,B,vertcoin,2018-10-11,297,None,117,39.39393939393939
E7,B,vertcoin,2018-10-11,297,Fear,63,21.21212121212121
E7,B,vertcoin,2018-10-11,297,Surprise,28,9.427609427609427
E7,B,vertcoin,2018-10-11,297,Happy+Fear,4,1.3468013468013469
E7,B,vertcoin,2018-10-11,297,Angry+Surprise,1,0.3367003367003367
E7,B,vertcoin,2018-10-11,297,Sad+Fear,3,1.0101010101010102
E7,B,vertcoin,2018-10-11,297,Happy+Sad,1,0.3367003367003367
E7,B,vertcoin,2018-10-11,297,Surprise+Fear,2,0.6734006734006734
E7,B,vertcoin,2018-10-11,297,Angry,2,0.6734006734006734
E7,B,vertcoin,2018-10-11,297,Happy+Surprise,2,0.6734006734006734
E8,W,ethereum_classic,2019-01-04,6840,Sad+Fear,38,0.5555555555555556
E8,W,ethereum_classic,2019-01-04,6840,Surprise,727,10.628654970760234
E8,W,ethereum_classic,2019-01-04,6840,None,2096,30.64327485380117
E8,W,ethereum_classic,2019-01-04,6840,Fear,3131,45.77485380116959
E8,W,ethereum_classic,2019-01-04,6840,Happy,103,1.5058479532163742
E8,W,ethereum_classic,2019-01-04,6840,Angry,312,4.56140350877193
E8,W,ethereum_classic,2019-01-04,6840,Sad,322,4.707602339181286
E8,W,ethereum_classic,2019-01-04,6840,Happy+Fear,25,0.3654970760233918
E8,W,ethereum_classic,2019-01-04,6840,Angry+Fear,47,0.6871345029239766
E8,W,ethereum_classic,2019-01-04,6840,Surprise+Fear,34,0.49707602339181284
E8,W,ethereum_classic,2019-01-04,6840,Angry+Surprise,2,0.029239766081871343
E8,W,ethereum_classic,2019-01-04,6840,Happy+Angry,1,0.014619883040935672
E8,W,ethereum_classic,2019-01-04,6840,Happy+Sad,1,0.014619883040935672
E8,W,ethereum_classic,2019-01-04,6840,Happy+Surprise,1,0.014619883040935672
E8,A,ethereum_classic,2019-01-04,4465,Surprise,314,7.032474804031355
E8,A,ethereum_classic,2019-01-04,4465,Fear,2217,49.652855543113105
E8,A,ethereum_classic,2019-01-04,4465,None,1352,30.279955207166854
E8,A,ethereum_classic,2019-01-04,4465,Angry,268,6.002239641657335
E8,A,ethereum_classic,2019-01-04,4465,Angry+Fear,46,1.0302351623740202
E8,A,ethereum_classic,2019-01-04,4465,Happy+Fear,6,0.1343784994400896
E8,A,ethereum_classic,2019-01-04,4465,Surprise+Fear,26,0.5823068309070548
E8,A,ethereum_classic,2019-01-04,4465,Sad+Fear,18,0.40313549832026874
E8,A,ethereum_classic,2019-01-04,4465,Sad,191,4.277715565509518
E8,A,ethereum_classic,2019-01-04,4465,Happy,26,0.5823068309070548
E8,A,ethereum_classic,2019-01-04,4465,Angry+Surprise,1,0.022396416573348264
E8,B,ethereum_classic,2019-01-04,1105,None,275,24.8868778280543
E8,B,ethereum_classic,2019-01-04,1105,Fear,432,39.09502262443439
E8,B,ethereum_classic,2019-01-04,1105,Sad,130,11.764705882352942
E8,B,ethereum_classic,2019-01-04,1105,Happy,29,2.6244343891402715
E8,B,ethereum_classic,2019-01-04,1105,Surprise,125,11.312217194570136
E8,B,ethereum_classic,2019-01-04,1105,Surprise+Fear,46,4.16289592760181
E8,B,ethereum_classic,2019-01-04,1105,Surprise+Sad,1,0.09049773755656108
E8,B,ethereum_classic,2019-01-04,1105,Sad+Fear,11,0.995475113122172
E8,B,ethereum_classic,2019-01-04,1105,Happy+Fear,6,0.5429864253393665
E8,B,ethereum_classic,2019-01-04,1105,Angry+Fear,2,0.18099547511312217
E8,B,ethereum_classic,2019-01-04,1105,Angry,43,3.8914027149321266
E8,B,ethereum_classic,2019-01-04,1105,Happy+Surprise,2,0.18099547511312217
E8,B,ethereum_classic,2019-01-04,1105,Happy+Sad,3,0.27149321266968324
E9,W,litecoin_cash,2019-07-03,462,Fear,147,31.818181818181817
E9,W,litecoin_cash,2019-07-03,462,Sad,36,7.792207792207792
E9,W,litecoin_cash,2019-07-03,462,None,219,47.4025974025974
E9,W,litecoin_cash,2019-07-03,462,Surprise,30,6.4935064935064934
E9,W,litecoin_cash,2019-07-03,462,Happy,15,3.2467532467532467
E9,W,litecoin_cash,2019-07-03,462,Happy+Fear,2,0.4329004329004329
E9,W,litecoin_cash,2019-07-03,462,Angry,3,0.6493506493506493
E9,W,litecoin_cash,2019-07-03,462,Surprise+Fear,1,0.21645021645021645
E9,W,litecoin_cash,2019-07-03,462,Angry+Fear,1,0.21645021645021645
E9,W,litecoin_cash,2019-07-03,462,Sad+Fear,4,0.8658008658008658
E9,W,litecoin_cash,2019-07-03,462,Happy+Surprise,3,0.6493506493506493
E9,W,litecoin_cash,2019-07-03,462,Surprise+Sad,1,0.21645021645021645
E9,A,litecoin_cash,2019-07-03,58,Fear,8,13.793103448275861
E9,A,litecoin_cash,2019-07-03,58,None,47,81.03448275862068
E9,A,litecoin_cash,2019-07-03,58,Surprise,3,5.172413793103448
E9,B,litecoin_cash,2019-07-03,542,Surprise+Fear,6,1.1070110701107012
E9,B,litecoin_cash,2019-07-03,542,None,200,36.90036900369004
E9,B,litecoin_cash,2019-07-03,542,Fear,226,41.69741697416974
E9,B,litecoin_cash,2019-07-03,542,Happy,22,4.059040590405904
E9,B,litecoin_cash,2019-07-03,542,Surprise,36,6.642066420664206
E9,B,litecoin_cash,2019-07-03,542,Sad,21,3.874538745387454
E9,B,litecoin_cash,2019-07-03,542,Happy+Fear,13,2.3985239852398523
E9,B,litecoin_cash,2019-07-03,542,Angry,5,0.922509225092251
E9,B,litecoin_cash,2019-07-03,542,Angry+Fear,9,1.6605166051660516
E9,B,litecoin_cash,2019-07-03,542,Sad+Fear,3,0.5535055350553506
E9,B,litecoin_cash,2019-07-03,542,Happy+Surprise,1,0.18450184501845018
E10,W,vertcoin,2019-11-30,457,None,168,36.76148796498906
E10,W,vertcoin,2019-11-30,457,Happy+Sad,1,0.2188183807439825
E10,W,vertcoin,2019-11-30,457,Fear,154,33.69803063457331
E10,W,vertcoin,2019-11-30,457,Surprise,23,5.032822757111598
E10,W,vertcoin,2019-11-30,457,Sad,64,14.00437636761488
E10,W,vertcoin,2019-11-30,457,Happy,8,1.75054704595186
E10,W,vertcoin,2019-11-30,457,Angry,13,2.8446389496717726
E10,W,vertcoin,2019-11-30,457,Sad+Fear,7,1.5317286652078774
E10,W,vertcoin,2019-11-30,457,Surprise+Fear,6,1.312910284463895
E10,W,vertcoin,2019-11-30,457,Angry+Fear,13,2.8446389496717726
E10,A,vertcoin,2019-11-30,378,Fear,132,34.92063492063492
E10,A,vertcoin,2019-11-30,378,Sad,57,15.079365079365079
E10,A,vertcoin,2019-11-30,378,None,142,37.56613756613756
E10,A,vertcoin,2019-11-30,378,Angry,12,3.1746031746031744
E10,A,vertcoin,2019-11-30,378,Surprise,13,3.439153439153439
E10,A,vertcoin,2019-11-30,378,Surprise+Fear,5,1.3227513227513228
E10,A,vertcoin,2019-11-30,378,Angry+Fear,12,3.1746031746031744
E10,A,vertcoin,2019-11-30,378,Sad+Fear,4,1.0582010582010581
E10,A,vertcoin,2019-11-30,378,Happy,1,0.26455026455026454
E10,B,vertcoin,2019-11-30,65,None,22,33.84615384615385
E10,B,vertcoin,2019-11-30,65,Surprise,8,12.307692307692308
E10,B,vertcoin,2019-11-30,65,Happy,12,18.46153846153846
E10,B,vertcoin,2019-11-30,65,Fear,15,23.076923076923077
E10,B,vertcoin,2019-11-30,65,Sad,4,6.153846153846154
E10,B,vertcoin,2019-11-30,65,Angry,2,3.076923076923077
E10,B,vertcoin,2019-11-30,65,Sad+Fear,1,1.5384615384615385
E10,B,vertcoin,2019-11-30,65,Happy+Surprise,1,1.5384615384615385
E11,W,bitcoingold,2020-01-22,941,Happy,22,2.3379383634431457
E11,W,bitcoingold,2020-01-22,941,None,251,26.67375132837407
E11,W,bitcoingold,2020-01-22,941,Angry,238,25.292242295430395
E11,W,bitcoingold,2020-01-22,941,Fear,285,30.28692879914984
E11,W,bitcoingold,2020-01-22,941,Surprise,46,4.888416578108395
E11,W,bitcoingold,2020-01-22,941,Sad,67,7.1200850159404885
E11,W,bitcoingold,2020-01-22,941,Sad+Fear,21,2.2316684378320937
E11,W,bitcoingold,2020-01-22,941,Angry+Fear,6,0.6376195536663124
E11,W,bitcoingold,2020-01-22,941,Happy+Fear,2,0.21253985122210414
E11,W,bitcoingold,2020-01-22,941,Angry+Sad,1,0.10626992561105207
E11,W,bitcoingold,2020-01-22,941,Surprise+Fear,2,0.21253985122210414
E11,A,bitcoingold,2020-01-22,594,None,137,23.063973063973062
E11,A,bitcoingold,2020-01-22,594,Angry,232,39.05723905723906
E11,A,bitcoingold,2020-01-22,594,Fear,179,30.134680134680135
E11,A,bitcoingold,2020-01-22,594,Sad,23,3.872053872053872
E11,A,bitcoingold,2020-01-22,594,Happy,6,1.0101010101010102
E11,A,bitcoingold,2020-01-22,594,Angry+Fear,5,0.8417508417508418
E11,A,bitcoingold,2020-01-22,594,Surprise,7,1.1784511784511784
E11,A,bitcoingold,2020-01-22,594,Angry+Sad,1,0.16835016835016836
E11,A,bitcoingold,2020-01-22,594,Sad+Fear,4,0.6734006734006734
E11,B,bitcoingold,2020-01-22,293,None,122,41.6382252559727
E11,B,bitcoingold,2020-01-22,293,Fear,76,25.938566552901023
E11,B,bitcoingold,2020-01-22,293,Happy,21,7.167235494880546
E11,B,bitcoingold,2020-01-22,293,Angry+Fear,1,0.3412969283276451
E11,B,bitcoingold,2020-01-22,293,Happy+Fear,2,0.6825938566552902
E11,B,bitcoingold,2020-01-22,293,Sad,21,7.167235494880546
E11,B,bitcoingold,2020-01-22,293,Surprise,44,15.017064846416382
E11,B,bitcoingold,2020-01-22,293,Angry,2,0.6825938566552902
E11,B,bitcoingold,2020-01-22,293,Surprise+Fear,1,0.3412969283276451
E11,B,bitcoingold,2020-01-22,293,Sad+Fear,3,1.023890784982935
E12,W,bitcoingold,2020-07-01,712,Fear,416,58.42696629213483
E12,W,bitcoingold,2020-07-01,712,Happy,26,3.651685393258427
E12,W,bitcoingold,2020-07-01,712,None,148,20.786516853932586
E12,W,bitcoingold,2020-07-01,712,Angry+Fear,1,0.1404494382022472
E12,W,bitcoingold,2020-07-01,712,Sad,58,8.146067415730338
E12,W,bitcoingold,2020-07-01,712,Surprise,39,5.477528089887641
E12,W,bitcoingold,2020-07-01,712,Sad+Fear,12,1.6853932584269662
E12,W,bitcoingold,2020-07-01,712,Surprise+Fear,3,0.42134831460674155
E12,W,bitcoingold,2020-07-01,712,Angry,6,0.8426966292134831
E12,W,bitcoingold,2020-07-01,712,Happy+Fear,2,0.2808988764044944
E12,W,bitcoingold,2020-07-01,712,Happy+Sad,1,0.1404494382022472
E12,A,bitcoingold,2020-07-01,218,Fear,190,87.1559633027523
E12,A,bitcoingold,2020-07-01,218,None,15,6.8807339449541285
E12,A,bitcoingold,2020-07-01,218,Happy,1,0.45871559633027525
E12,A,bitcoingold,2020-07-01,218,Angry,1,0.45871559633027525
E12,A,bitcoingold,2020-07-01,218,Sad,5,2.293577981651376
E12,A,bitcoingold,2020-07-01,218,Surprise,3,1.3761467889908257
E12,A,bitcoingold,2020-07-01,218,Sad+Fear,2,0.9174311926605505
E12,A,bitcoingold,2020-07-01,218,Surprise+Fear,1,0.45871559633027525
E12,B,bitcoingold,2020-07-01,482,Angry,11,2.2821576763485476
E12,B,bitcoingold,2020-07-01,482,Sad,29,6.016597510373444
E12,B,bitcoingold,2020-07-01,482,None,167,34.64730290456431
E12,B,bitcoingold,2020-07-01,482,Fear,160,33.19502074688797
E12,B,bitcoingold,2020-07-01,482,Surprise+Fear,10,2.074688796680498
E12,B,bitcoingold,2020-07-01,482,Surprise,56,11.618257261410788
E12,B,bitcoingold,2020-07-01,482,Happy,32,6.639004149377594
E12,B,bitcoingold,2020-07-01,482,Sad+Fear,11,2.2821576763485476
E12,B,bitcoingold,2020-07-01,482,Happy+Fear,3,0.6224066390041494
E12,B,bitcoingold,2020-07-01,482,Angry+Fear,3,0.6224066390041494
E13,W,ethereum_classic,2020-07-28,1691,Sad,87,5.144884683619161
E13,W,ethereum_classic,2020-07-28,1691,Fear,595,35.18628030751035
E13,W,ethereum_classic,2020-07-28,1691,Sad+Fear,22,1.3010053222945004
E13,W,ethereum_classic,2020-07-28,1691,Surprise,109,6.44589000591366
E13,W,ethereum_classic,2020-07-28,1691,None,711,42.0461265523359
E13,W,ethereum_classic,2020-07-28,1691,Surprise+Fear,8,0.47309284447072736
E13,W,ethereum_classic,2020-07-28,1691,Happy,71,4.198698994677706
E13,W,ethereum_classic,2020-07-28,1691,Angry,61,3.607332939089296
E13,W,ethereum_classic,2020-07-28,1691,Angry+Fear,10,0.5913660555884093
E13,W,ethereum_classic,2020-07-28,1691,Happy+Fear,12,0.7096392667060911
E13,W,ethereum_classic,2020-07-28,1691,Happy+Surprise,1,0.05913660555884092
E13,W,ethereum_classic,2020-07-28,1691,Happy+Sad,4,0.23654642223536368
E13,A,ethereum_classic,2020-07-28,900,Sad,23,2.5555555555555554
E13,A,ethereum_classic,2020-07-28,900,Fear,306,34.0
E13,A,ethereum_classic,2020-07-28,900,None,430,47.77777777777778
E13,A,ethereum_classic,2020-07-28,900,Surprise+Fear,5,0.5555555555555556
E13,A,ethereum_classic,2020-07-28,900,Surprise,60,6.666666666666667
E13,A,ethereum_classic,2020-07-28,900,Sad+Fear,3,0.3333333333333333
E13,A,ethereum_classic,2020-07-28,900,Happy,23,2.5555555555555554
E13,A,ethereum_classic,2020-07-28,900,Angry,45,5.0
E13,A,ethereum_classic,2020-07-28,900,Angry+Fear,5,0.5555555555555556
E13,B,ethereum_classic,2020-07-28,246,Sad+Fear,2,0.8130081300813008
E13,B,ethereum_classic,2020-07-28,246,Surprise,11,4.471544715447155
E13,B,ethereum_classic,2020-07-28,246,Fear,88,35.77235772357724
E13,B,ethereum_classic,2020-07-28,246,None,87,35.36585365853659
E13,B,ethereum_classic,2020-07-28,246,Angry,13,5.284552845528455
E13,B,ethereum_classic,2020-07-28,246,Happy,24,9.75609756097561
E13,B,ethereum_classic,2020-07-28,246,Sad,18,7.317073170731708
E13,B,ethereum_classic,2020-07-28,246,Happy+Fear,1,0.4065040650406504
E13,B,ethereum_classic,2020-07-28,246,Happy+Sad,1,0.4065040650406504
E13,B,ethereum_classic,2020-07-28,246,Angry+Fear,1,0.4065040650406504
E14,W,ethereum_classic,2020-08-04,1649,Fear,589,35.718617343844755
E14,W,ethereum_classic,2020-08-04,1649,None,593,35.961188599151
E14,W,ethereum_classic,2020-08-04,1649,Sad,156,9.460278956943602
E14,W,ethereum_classic,2020-08-04,1649,Surprise,109,6.610066707095209
E14,W,ethereum_classic,2020-08-04,1649,Happy,65,3.941782898726501
E14,W,ethereum_classic,2020-08-04,1649,Angry,82,4.972710733778047
E14,W,ethereum_classic,2020-08-04,1649,Sad+Fear,23,1.3947847180109156
E14,W,ethereum_classic,2020-08-04,1649,Surprise+Fear,10,0.6064281382656155
E14,W,ethereum_classic,2020-08-04,1649,Angry+Fear,13,0.7883565797453002
E14,W,ethereum_classic,2020-08-04,1649,Happy+Fear,6,0.3638568829593693
E14,W,ethereum_classic,2020-08-04,1649,Happy+Sad,2,0.1212856276531231
E14,W,ethereum_classic,2020-08-04,1649,Happy+Surprise,1,0.06064281382656155
E14,A,ethereum_classic,2020-08-04,967,Fear,339,35.056876938986555
E14,A,ethereum_classic,2020-08-04,967,None,422,43.640124095139605
E14,A,ethereum_classic,2020-08-04,967,Sad,42,4.343329886246122
E14,A,ethereum_classic,2020-08-04,967,Happy,33,3.4126163391933817
E14,A,ethereum_classic,2020-08-04,967,Angry,48,4.963805584281283
E14,A,ethereum_classic,2020-08-04,967,Surprise+Fear,6,0.6204756980351603
E14,A,ethereum_classic,2020-08-04,967,Sad+Fear,6,0.6204756980351603
E14,A,ethereum_classic,2020-08-04,967,Surprise,60,6.204756980351603
E14,A,ethereum_classic,2020-08-04,967,Angry+Fear,10,1.0341261633919339
E14,A,ethereum_classic,2020-08-04,967,Happy+Fear,1,0.10341261633919338
E14,B,ethereum_classic,2020-08-04,215,None,77,35.81395348837209
E14,B,ethereum_classic,2020-08-04,215,Surprise,20,9.30232558139535
E14,B,ethereum_classic,2020-08-04,215,Fear,73,33.95348837209303
E14,B,ethereum_classic,2020-08-04,215,Angry,6,2.7906976744186047
E14,B,ethereum_classic,2020-08-04,215,Sad,19,8.837209302325581
E14,B,ethereum_classic,2020-08-04,215,Happy,11,5.116279069767442
E14,B,ethereum_classic,2020-08-04,215,Angry+Fear,1,0.46511627906976744
E14,B,ethereum_classic,2020-08-04,215,Happy+Fear,4,1.8604651162790697
E14,B,ethereum_classic,2020-08-04,215,Sad+Fear,3,1.3953488372093024
E14,B,ethereum_classic,2020-08-04,215,Happy+Sad,1,0.46511627906976744
E15,W,ethereum_classic,2020-08-28,1121,None,361,32.20338983050848
E15,W,ethereum_classic,2020-08-28,1121,Fear,383,34.16592328278323
E15,W,ethereum_classic,2020-08-28,1121,Surprise+Fear,7,0.6244424620874219
E15,W,ethereum_classic,2020-08-28,1121,Angry+Fear,14,1.2488849241748439
E15,W,ethereum_classic,2020-08-28,1121,Happy+Sad,3,0.26761819803746656
E15,W,ethereum_classic,2020-08-28,1121,Surprise,92,8.206958073148973
E15,W,ethereum_classic,2020-08-28,1121,Angry,168,14.986619090098127
E15,W,ethereum_classic,2020-08-28,1121,Sad+Fear,12,1.0704727921498662
E15,W,ethereum_classic,2020-08-28,1121,Happy,23,2.0517395182872433
E15,W,ethereum_classic,2020-08-28,1121,Sad,55,4.906333630686887
E15,W,ethereum_classic,2020-08-28,1121,Happy+Fear,3,0.26761819803746656
E15,A,ethereum_classic,2020-08-28,706,None,236,33.42776203966006
E15,A,ethereum_classic,2020-08-28,706,Fear,180,25.495750708215297
E15,A,ethereum_classic,2020-08-28,706,Angry+Fear,14,1.9830028328611897
E15,A,ethereum_classic,2020-08-28,706,Surprise,75,10.623229461756374
E15,A,ethereum_classic,2020-08-28,706,Sad,28,3.9660056657223794
E15,A,ethereum_classic,2020-08-28,706,Sad+Fear,8,1.13314447592068
E15,A,ethereum_classic,2020-08-28,706,Angry,158,22.379603399433428
E15,A,ethereum_classic,2020-08-28,706,Happy,3,0.42492917847025496
E15,A,ethereum_classic,2020-08-28,706,Surprise+Fear,4,0.56657223796034
E15,B,ethereum_classic,2020-08-28,172,Fear,80,46.51162790697674
E15,B,ethereum_classic,2020-08-28,172,None,56,32.55813953488372
E15,B,ethereum_classic,2020-08-28,172,Happy,7,4.069767441860465
E15,B,ethereum_classic,2020-08-28,172,Happy+Fear,1,0.5813953488372093
E15,B,ethereum_classic,2020-08-28,172,Happy+Sad,1,0.5813953488372093
E15,B,ethereum_classic,2020-08-28,172,Surprise,13,7.558139534883721
E15,B,ethereum_classic,2020-08-28,172,Sad,8,4.651162790697675
E15,B,ethereum_classic,2020-08-28,172,Sad+Fear,5,2.9069767441860463
E15,B,ethereum_classic,2020-08-28,172,Surprise+Fear,1,0.5813953488372093
E16,W,bitcoin_sv,2021-06-23,2173,Surprise,240,11.044638748274275
E16,W,bitcoin_sv,2021-06-23,2173,Fear,772,35.52692130694892
E16,W,bitcoin_sv,2021-06-23,2173,Happy,161,7.409111826967326
E16,W,bitcoin_sv,2021-06-23,2173,Happy+Fear,31,1.4265991716520938
E16,W,bitcoin_sv,2021-06-23,2173,Surprise+Fear,18,0.8283479061205706
E16,W,bitcoin_sv,2021-06-23,2173,Sad,251,11.55085135757018
E16,W,bitcoin_sv,2021-06-23,2173,None,612,28.163828808099403
E16,W,bitcoin_sv,2021-06-23,2173,Sad+Fear,41,1.8867924528301887
E16,W,bitcoin_sv,2021-06-23,2173,Angry+Fear,9,0.4141739530602853
E16,W,bitcoin_sv,2021-06-23,2173,Angry,32,1.4726184997699034
E16,W,bitcoin_sv,2021-06-23,2173,Happy+Surprise,5,0.2300966405890474
E16,W,bitcoin_sv,2021-06-23,2173,Angry+Sad,1,0.04601932811780948
E16,A,bitcoin_sv,2021-06-23,96,Fear,68,70.83333333333333
E16,A,bitcoin_sv,2021-06-23,96,None,12,12.5
E16,A,bitcoin_sv,2021-06-23,96,Surprise,6,6.25
E16,A,bitcoin_sv,2021-06-23,96,Happy+Fear,1,1.0416666666666667
E16,A,bitcoin_sv,2021-06-23,96,Surprise+Fear,2,2.0833333333333335
E16,A,bitcoin_sv,2021-06-23,96,Sad,3,3.125
E16,A,bitcoin_sv,2021-06-23,96,Happy,2,2.0833333333333335
E16,A,bitcoin_sv,2021-06-23,96,Sad+Fear,2,2.0833333333333335
E16,B,bitcoin_sv,2021-06-23,1625,Sad,167,10.276923076923078
E16,B,bitcoin_sv,2021-06-23,1625,Fear,498,30.646153846153847
E16,B,bitcoin_sv,2021-06-23,1625,Happy,164,10.092307692307692
E16,B,bitcoin_sv,2021-06-23,1625,None,514,31.630769230769232
E16,B,bitcoin_sv,2021-06-23,1625,Sad+Fear,34,2.0923076923076924
E16,B,bitcoin_sv,2021-06-23,1625,Happy+Fear,22,1.353846153846154
E16,B,bitcoin_sv,2021-06-23,1625,Surprise,167,10.276923076923078
E16,B,bitcoin_sv,2021-06-23,1625,Surprise+Fear,19,1.1692307692307693
E16,B,bitcoin_sv,2021-06-23,1625,Happy+Sad,5,0.3076923076923077
E16,B,bitcoin_sv,2021-06-23,1625,Angry+Fear,5,0.3076923076923077
E16,B,bitcoin_sv,2021-06-23,1625,Angry,24,1.476923076923077
E16,B,bitcoin_sv,2021-06-23,1625,Happy+Surprise,6,0.36923076923076925
E17,W,bitcoin_sv,2021-08-02,1137,None,422,37.115215479331574
E17,W,bitcoin_sv,2021-08-02,1137,Happy,70,6.156552330694811
E17,W,bitcoin_sv,2021-08-02,1137,Fear,392,34.47669305189094
E17,W,bitcoin_sv,2021-08-02,1137,Surprise,55,4.8372911169744945
E17,W,bitcoin_sv,2021-08-02,1137,Happy+Fear,15,1.3192612137203166
E17,W,bitcoin_sv,2021-08-02,1137,Sad,69,6.068601583113456
E17,W,bitcoin_sv,2021-08-02,1137,Surprise+Fear,53,4.661389621811786
E17,W,bitcoin_sv,2021-08-02,1137,Sad+Fear,14,1.2313104661389622
E17,W,bitcoin_sv,2021-08-02,1137,Angry,32,2.8144239226033423
E17,W,bitcoin_sv,2021-08-02,1137,Angry+Fear,10,0.8795074758135444
E17,W,bitcoin_sv,2021-08-02,1137,Angry+Surprise,4,0.3518029903254178
E17,W,bitcoin_sv,2021-08-02,1137,Happy+Sad,1,0.08795074758135445
E17,A,bitcoin_sv,2021-08-02,524,None,189,36.06870229007634
E17,A,bitcoin_sv,2021-08-02,524,Fear,212,40.458015267175576
E17,A,bitcoin_sv,2021-08-02,524,Sad+Fear,7,1.3358778625954197
E17,A,bitcoin_sv,2021-08-02,524,Happy,8,1.5267175572519085
E17,A,bitcoin_sv,2021-08-02,524,Surprise+Fear,38,7.251908396946565
E17,A,bitcoin_sv,2021-08-02,524,Sad,22,4.198473282442748
E17,A,bitcoin_sv,2021-08-02,524,Angry,25,4.770992366412214
E17,A,bitcoin_sv,2021-08-02,524,Surprise,12,2.2900763358778624
E17,A,bitcoin_sv,2021-08-02,524,Angry+Fear,7,1.3358778625954197
E17,A,bitcoin_sv,2021-08-02,524,Angry+Surprise,4,0.7633587786259542
E17,B,bitcoin_sv,2021-08-02,763,None,262,34.33813892529489
E17,B,bitcoin_sv,2021-08-02,763,Happy,90,11.795543905635649
E17,B,bitcoin_sv,2021-08-02,763,Fear,183,23.98427260812582
E17,B,bitcoin_sv,2021-08-02,763,Surprise+Fear,6,0.7863695937090432
E17,B,bitcoin_sv,2021-08-02,763,Sad,115,15.07208387942333
E17,B,bitcoin_sv,2021-08-02,763,Happy+Fear,22,2.8833551769331587
E17,B,bitcoin_sv,2021-08-02,763,Sad+Fear,8,1.0484927916120577
E17,B,bitcoin_sv,2021-08-02,763,Angry,10,1.3106159895150722
E17,B,bitcoin_sv,2021-08-02,763,Surprise,53,6.946264744429882
E17,B,bitcoin_sv,2021-08-02,763,Happy+Surprise,4,0.5242463958060288
E17,B,bitcoin_sv,2021-08-02,763,Surprise+Sad,1,0.1310615989515072
E17,B,bitcoin_sv,2021-08-02,763,Angry+Fear,7,0.9174311926605505
E17,B,bitcoin_sv,2021-08-02,763,Happy+Sad,2,0.2621231979030144
