event_id,dataset,cryptocurrency,event_date,n_tweets,emotion,mean_probability
E1,W,feathercoin,2013-06-07,261,Happy,0.1176476748624524
E1,W,feathercoin,2013-06-07,261,Angry,0.10015189464978332
E1,W,feathercoin,2013-06-07,261,Surprise,0.14523272952814212
E1,W,feathercoin,2013-06-07,261,Sad,0.24275046952382814
E1,W,feathercoin,2013-06-07,261,Fear,0.2515677190831795
E1,A,feathercoin,2013-06-07,26,Happy,0.19220599761376014
E1,A,feathercoin,2013-06-07,26,Angry,0.31137444422795224
E1,A,feathercoin,2013-06-07,26,Surprise,0.1656368328974797
E1,A,feathercoin,2013-06-07,26,Sad,0.6032340709979718
E1,A,feathercoin,2013-06-07,26,Fear,0.20796867517324594
E1,B,feathercoin,2013-06-07,51,Happy,0.1296539961122999
E1,B,feathercoin,2013-06-07,51,Angry,0.07752094549291275
E1,B,feathercoin,2013-06-07,51,Surprise,0.10945515539131913
E1,B,feathercoin,2013-06-07,51,Sad,0.18797760383755552
E1,B,feathercoin,2013-06-07,51,Fear,0.24924449359669404
E2,W,bitcoin,2014-06-15,72458,Happy,0.197398605564408
E2,W,bitcoin,2014-06-15,72458,Angry,0.08586030250279526
E2,W,bitcoin,2014-06-15,72458,Surprise,0.19190372993435464
E2,W,bitcoin,2014-06-15,72458,Sad,0.22613249718978393
E2,W,bitcoin,2014-06-15,72458,Fear,0.4454684908421831
E2,A,bitcoin,2014-06-15,3409,Happy,0.07285401967306857
E2,A,bitcoin,2014-06-15,3409,Angry,0.24152195434410853
E2,A,bitcoin,2014-06-15,3409,Surprise,0.20876261795605688
E2,A,bitcoin,2014-06-15,3409,Sad,0.2960626752224791
E2,A,bitcoin,2014-06-15,3409,Fear,0.6329967837838631
E2,B,bitcoin,2014-06-15,65408,Happy,0.2375651967102104
E2,B,bitcoin,2014-06-15,65408,Angry,0.08242797624564013
E2,B,bitcoin,2014-06-15,65408,Surprise,0.1983016442877483
E2,B,bitcoin,2014-06-15,65408,Sad,0.2405421423849717
E2,B,bitcoin,2014-06-15,65408,Fear,0.3941223355312695
E3,W,verge,2018-04-03,6155,Happy,0.16497498336214056
E3,W,verge,2018-04-03,6155,Angry,0.1625910092426644
E3,W,verge,2018-04-03,6155,Surprise,0.3477779085514121
E3,W,verge,2018-04-03,6155,Sad,0.31772906782179705
E3,W,verge,2018-04-03,6155,Fear,0.43475654557117305
E3,A,verge,2018-04-03,599,Happy,0.07628717784690539
E3,A,verge,2018-04-03,599,Angry,0.33225039568090675
E3,A,verge,2018-04-03,599,Surprise,0.33352397160856473
E3,A,verge,2018-04-03,599,Sad,0.38934762887843266
E3,A,verge,2018-04-03,599,Fear,0.503164622540864
E3,B,verge,2018-04-03,7804,Happy,0.6217066622098124
E3,B,verge,2018-04-03,7804,Angry,0.137337923301971
E3,B,verge,2018-04-03,7804,Surprise,0.13643995491068892
E3,B,verge,2018-04-03,7804,Sad,0.25263538063030744
E3,B,verge,2018-04-03,7804,Fear,0.37744433521796716
E4,W,bitcoingold,2018-05-15,2449,Happy,0.13411101343535364
E4,W,bitcoingold,2018-05-15,2449,Angry,0.20013425546356395
E4,W,bitcoingold,2018-05-15,2449,Surprise,0.22066211384040768
E4,W,bitcoingold,2018-05-15,2449,Sad,0.4043986974516028
E4,W,bitcoingold,2018-05-15,2449,Fear,0.3995728169523389
E4,A,bitcoingold,2018-05-15,1012,Happy,0.047018547096978065
E4,A,bitcoingold,2018-05-15,1012,Angry,0.34718572221725824
E4,A,bitcoingold,2018-05-15,1012,Surprise,0.23503447026603308
E4,A,bitcoingold,2018-05-15,1012,Sad,0.5153344535073744
E4,A,bitcoingold,2018-05-15,1012,Fear,0.4001741112456491
E4,B,bitcoingold,2018-05-15,1137,Happy,0.18907727153026543
E4,B,bitcoingold,2018-05-15,1137,Angry,0.09496537194298146
E4,B,bitcoingold,2018-05-15,1137,Surprise,0.2852330214115435
E4,B,bitcoingold,2018-05-15,1137,Sad,0.27481194473508164
E4,B,bitcoingold,2018-05-15,1137,Fear,0.32748633450128156
E5,W,verge,2018-05-20,3661,Happy,0.1400289255652523
E5,W,verge,2018-05-20,3661,Angry,0.130674293542032
E5,W,verge,2018-05-20,3661,Surprise,0.2929104176807586
E5,W,verge,2018-05-20,3661,Sad,0.3201967442957178
E5,W,verge,2018-05-20,3661,Fear,0.4016804159810979
E5,A,verge,2018-05-20,685,Happy,0.10890974065248113
E5,A,verge,2018-05-20,685,Angry,0.24513962477663137
E5,A,verge,2018-05-20,685,Surprise,0.2558476290563597
E5,A,verge,2018-05-20,685,Sad,0.3522507528318976
E5,A,verge,2018-05-20,685,Fear,0.4770549948198082
E5,B,verge,2018-05-20,4030,Happy,0.1945263871484004
E5,B,verge,2018-05-20,4030,Angry,0.11407680845733907
E5,B,verge,2018-05-20,4030,Surprise,0.2433212112552179
E5,B,verge,2018-05-20,4030,Sad,0.30756080724465346
E5,B,verge,2018-05-20,4030,Fear,0.3877817125533414
E6,W,litecoin_cash,2018-05-29,842,Happy,0.1056553740187099
E6,W,litecoin_cash,2018-05-29,842,Angry,0.042394515418949716
E6,W,litecoin_cash,2018-05-29,842,Surprise,0.14853856831151913
E6,W,litecoin_cash,2018-05-29,842,Sad,0.16549076943386196
E6,W,litecoin_cash,2018-05-29,842,Fear,0.5484830475193304
E6,A,litecoin_cash,2018-05-29,28,Happy,0.030615861926759993
E6,A,litecoin_cash,2018-05-29,28,Angry,0.03784343174525669
E6,A,litecoin_cash,2018-05-29,28,Surprise,0.12813017198017665
E6,A,litecoin_cash,2018-05-29,28,Sad,0.08439816747392927
E6,A,litecoin_cash,2018-05-29,28,Fear,0.19943278176443918
E6,B,litecoin_cash,2018-05-29,1338,Happy,0.08241684293800405
E6,B,litecoin_cash,2018-05-29,1338,Angry,0.04565085441720503
E6,B,litecoin_cash,2018-05-29,1338,Surprise,0.1467454372856471
E6,B,litecoin_cash,2018-05-29,1338,Sad,0.158595669429933
E6,B,litecoin_cash,2018-05-29,1338,Fear,0.5739950898516873
E7,W,vertcoin,2018-10-11,1596,Happy,0.1487903894487778
E7,W,vertcoin,2018-10-11,1596,Angry,0.14003260011661023
E7,W,vertcoin,2018-10-11,1596,Surprise,0.24064198233429948
E7,W,vertcoin,2018-10-11,1596,Sad,0.29383241174215063
E7,W,vertcoin,2018-10-11,1596,Fear,0.389032851185715
E7,A,vertcoin,2018-10-11,382,Happy,0.050982860526489336
E7,A,vertcoin,2018-10-11,382,Angry,0.24226107272802222
E7,A,vertcoin,2018-10-11,382,Surprise,0.34370552307648183
E7,A,vertcoin,2018-10-11,382,Sad,0.37515125474380573
E7,A,vertcoin,2018-10-11,382,Fear,0.4612029547466657
E7,B,vertcoin,2018-10-11,297,Happy,0.23683874454562512
E7,B,vertcoin,2018-10-11,297,Angry,0.09976978073216448
E7,B,vertcoin,2018-10-11,297,Surprise,0.23988009101212626
E7,B,vertcoin,2018-10-11,297,Sad,0.267645259497543
E7,B,vertcoin,2018-10-11,297,Fear,0.3251391990417583
E8,W,ethereum_classic,2019-01-04,6840,Happy,0.12544013160711143
E8,W,ethereum_classic,2019-01-04,6840,Angry,0.16290892919427472
E8,W,ethereum_classic,2019-01-04,6840,Surprise,0.2810805401955432
E8,W,ethereum_classic,2019-01-04,6840,Sad,0.2957625934952184
E8,W,ethereum_classic,2019-01-04,6840,Fear,0.5463864599752147
E8,A,ethereum_classic,2019-01-04,4465,Happy,0.08386067791455003
E8,A,ethereum_classic,2019-01-04,4465,Angry,0.17114652237726619
E8,A,ethereum_classic,2019-01-04,4465,Surprise,0.2661855306497213
E8,A,ethereum_classic,2019-01-04,4465,Sad,0.28769888084919965
E8,A,ethereum_classic,2019-01-04,4465,Fear,0.5664405335771276
E8,B,ethereum_classic,2019-01-04,1105,Happy,0.14913412780243887
E8,B,ethereum_classic,2019-01-04,1105,Angry,0.17704443435323725
E8,B,ethereum_classic,2019-01-04,1105,Surprise,0.30815212758957533
E8,B,ethereum_classic,2019-01-04,1105,Sad,0.3542363650119143
E8,B,ethereum_classic,2019-01-04,1105,Fear,0.5059664506178636
E9,W,litecoin_cash,2019-07-03,462,Happy,0.10434001993823361
E9,W,litecoin_cash,2019-07-03,462,Angry,0.08301484120356573
E9,W,litecoin_cash,2019-07-03,462,Surprise,0.17301410230207237
E9,W,litecoin_cash,2019-07-03,462,Sad,0.24334147791841845
E9,W,litecoin_cash,2019-07-03,462,Fear,0.46774261648004706
E9,A,litecoin_cash,2019-07-03,58,Happy,0.018295473065869563
E9,A,litecoin_cash,2019-07-03,58,Angry,0.026026156441918736
E9,A,litecoin_cash,2019-07-03,58,Surprise,0.07519939952883227
E9,A,litecoin_cash,2019-07-03,58,Sad,0.15567308458788642
E9,A,litecoin_cash,2019-07-03,58,Fear,0.4297484365002862
E9,B,litecoin_cash,2019-07-03,542,Happy,0.11560752547974956
E9,B,litecoin_cash,2019-07-03,542,Angry,0.0760550607834355
E9,B,litecoin_cash,2019-07-03,542,Surprise,0.17195095567245766
E9,B,litecoin_cash,2019-07-03,542,Sad,0.2022523369736337
E9,B,litecoin_cash,2019-07-03,542,Fear,0.5341547863949709
E10,W,vertcoin,2019-11-30,457,Happy,0.06880206704400561
E10,W,vertcoin,2019-11-30,457,Angry,0.14140472344287897
E10,W,vertcoin,2019-11-30,457,Surprise,0.248842021307747
E10,W,vertcoin,2019-11-30,457,Sad,0.2984396378373161
E10,W,vertcoin,2019-11-30,457,Fear,0.45726185450146967
E10,A,vertcoin,2019-11-30,378,Happy,0.04336674684885318
E10,A,vertcoin,2019-11-30,378,Angry,0.14634852308444876
E10,A,vertcoin,2019-11-30,378,Surprise,0.2441963859336086
E10,A,vertcoin,2019-11-30,378,Sad,0.2928485012559033
E10,A,vertcoin,2019-11-30,378,Fear,0.4797849478545012
E10,B,vertcoin,2019-11-30,65,Happy,0.2467590102352775
E10,B,vertcoin,2019-11-30,65,Angry,0.10369127339755113
E10,B,vertcoin,2019-11-30,65,Surprise,0.24895037957108937
E10,B,vertcoin,2019-11-30,65,Sad,0.22345163249052488
E10,B,vertcoin,2019-11-30,65,Fear,0.32359440785187943
E11,W,bitcoingold,2020-01-22,941,Happy,0.06960622632161463
E11,W,bitcoingold,2020-01-22,941,Angry,0.319920651527571
E11,W,bitcoingold,2020-01-22,941,Surprise,0.25002293074929116
E11,W,bitcoingold,2020-01-22,941,Sad,0.38780308808581104
E11,W,bitcoingold,2020-01-22,941,Fear,0.40184870232431086
E11,A,bitcoingold,2020-01-22,594,Happy,0.03873190524602177
E11,A,bitcoingold,2020-01-22,594,Angry,0.44869766692922575
E11,A,bitcoingold,2020-01-22,594,Surprise,0.2471094103373261
E11,A,bitcoingold,2020-01-22,594,Sad,0.4078685322193184
E11,A,bitcoingold,2020-01-22,594,Fear,0.3896672886228722
E11,B,bitcoingold,2020-01-22,293,Happy,0.1333013654975761
E11,B,bitcoingold,2020-01-22,293,Angry,0.1768622445165094
E11,B,bitcoingold,2020-01-22,293,Surprise,0.37074530938379596
E11,B,bitcoingold,2020-01-22,293,Sad,0.2542740305942887
E11,B,bitcoingold,2020-01-22,293,Fear,0.39159972675831245
E12,W,bitcoingold,2020-07-01,712,Happy,0.1328292198144318
E12,W,bitcoingold,2020-07-01,712,Angry,0.11233669770567604
E12,W,bitcoingold,2020-07-01,712,Surprise,0.21431692430142607
E12,W,bitcoingold,2020-07-01,712,Sad,0.3166343414046791
E12,W,bitcoingold,2020-07-01,712,Fear,0.596603183264143
E12,A,bitcoingold,2020-07-01,218,Happy,0.03602430730237873
E12,A,bitcoingold,2020-07-01,218,Angry,0.07825581141568105
E12,A,bitcoingold,2020-07-01,218,Surprise,0.1947539268283669
E12,A,bitcoingold,2020-07-01,218,Sad,0.15906233415691132
E12,A,bitcoingold,2020-07-01,218,Fear,0.8085359695854537
E12,B,bitcoingold,2020-07-01,482,Happy,0.19477839613356532
E12,B,bitcoingold,2020-07-01,482,Angry,0.14471032702329248
E12,B,bitcoingold,2020-07-01,482,Surprise,0.2863951496068867
E12,B,bitcoingold,2020-07-01,482,Sad,0.32062582801486444
E12,B,bitcoingold,2020-07-01,482,Fear,0.4438856848789943
E13,W,ethereum_classic,2020-07-28,1691,Happy,0.15127232119150236
E13,W,ethereum_classic,2020-07-28,1691,Angry,0.1646269520382286
E13,W,ethereum_classic,2020-07-28,1691,Surprise,0.2502732416499232
E13,W,ethereum_classic,2020-07-28,1691,Sad,0.2790786543236478
E13,W,ethereum_classic,2020-07-28,1691,Fear,0.459334241223011
E13,A,ethereum_classic,2020-07-28,900,Happy,0.07738027380572425
E13,A,ethereum_classic,2020-07-28,900,Angry,0.17428399509853787
E13,A,ethereum_classic,2020-07-28,900,Surprise,0.27211700942781236
E13,A,ethereum_classic,2020-07-28,900,Sad,0.25486035770840115
E13,A,ethereum_classic,2020-07-28,900,Fear,0.4496719580226474
E13,B,ethereum_classic,2020-07-28,246,Happy,0.2669042804376866
E13,B,ethereum_classic,2020-07-28,246,Angry,0.14623461409312924
E13,B,ethereum_classic,2020-07-28,246,Surprise,0.16410787706452656
E13,B,ethereum_classic,2020-07-28,246,Sad,0.2930577111438038
E13,B,ethereum_classic,2020-07-28,246,Fear,0.4500381965947345
E14,W,ethereum_classic,2020-08-04,1649,Happy,0.13715341298633665
E14,W,ethereum_classic,2020-08-04,1649,Angry,0.1913964055103559
E14,W,ethereum_classic,2020-08-04,1649,Surprise,0.2539782042645049
E14,W,ethereum_classic,2020-08-04,1649,Sad,0.3326345580574091
E14,W,ethereum_classic,2020-08-04,1649,Fear,0.4634878023817295
E14,A,ethereum_classic,2020-08-04,967,Happy,0.09275521653884446
E14,A,ethereum_classic,2020-08-04,967,Angry,0.20025506926914283
E14,A,ethereum_classic,2020-08-04,967,Surprise,0.26321837623462063
E14,A,ethereum_classic,2020-08-04,967,Sad,0.2699204721519841
E14,A,ethereum_classic,2020-08-04,967,Fear,0.4637128466041036
E14,B,ethereum_classic,2020-08-04,215,Happy,0.25014758664508197
E14,B,ethereum_classic,2020-08-04,215,Angry,0.1464427343634672
E14,B,ethereum_classic,2020-08-04,215,Surprise,0.21870264230772507
E14,B,ethereum_classic,2020-08-04,215,Sad,0.31411013492318085
E14,B,ethereum_classic,2020-08-04,215,Fear,0.4422469560490098
E15,W,ethereum_classic,2020-08-28,1121,Happy,0.11550029288282838
E15,W,ethereum_classic,2020-08-28,1121,Angry,0.27324466592151203
E15,W,ethereum_classic,2020-08-28,1121,Surprise,0.2621557687547965
E15,W,ethereum_classic,2020-08-28,1121,Sad,0.3199558142891667
E15,W,ethereum_classic,2020-08-28,1121,Fear,0.438823157095622
E15,A,ethereum_classic,2020-08-28,706,Happy,0.06070175247725954
E15,A,ethereum_classic,2020-08-28,706,Angry,0.3524389620289924
E15,A,ethereum_classic,2020-08-28,706,Surprise,0.2993342466124732
E15,A,ethereum_classic,2020-08-28,706,Sad,0.336409951446752
E15,A,ethereum_classic,2020-08-28,706,Fear,0.37513378980139495
E15,B,ethereum_classic,2020-08-28,172,Happy,0.2104682728301647
E15,B,ethereum_classic,2020-08-28,172,Angry,0.10498273199380831
E15,B,ethereum_classic,2020-08-28,172,Surprise,0.20351032600846403
E15,B,ethereum_classic,2020-08-28,172,Sad,0.2984944970108742
E15,B,ethereum_classic,2020-08-28,172,Fear,0.5178990364074707
E16,W,bitcoin_sv,2021-06-23,2173,Happy,0.20342037472591057
E16,W,bitcoin_sv,2021-06-23,2173,Angry,0.14086457424541252
E16,W,bitcoin_sv,2021-06-23,2173,Surprise,0.29929923177368895
E16,W,bitcoin_sv,2021-06-23,2173,Sad,0.3443369509929125
E16,W,bitcoin_sv,2021-06-23,2173,Fear,0.4541670403829435
E16,A,bitcoin_sv,2021-06-23,96,Happy,0.11295852437615395
E16,A,bitcoin_sv,2021-06-23,96,Angry,0.10694817453622818
E16,A,bitcoin_sv,2021-06-23,96,Surprise,0.24072501560052237
E16,A,bitcoin_sv,2021-06-23,96,Sad,0.24270971616109213
E16,A,bitcoin_sv,2021-06-23,96,Fear,0.7539053757985433
E16,B,bitcoin_sv,2021-06-23,1625,Happy,0.21150194490872898
E16,B,bitcoin_sv,2021-06-23,1625,Angry,0.1238258240039532
E16,B,bitcoin_sv,2021-06-23,1625,Surprise,0.269940246288593
E16,B,bitcoin_sv,2021-06-23,1625,Sad,0.3052342720031738
E16,B,bitcoin_sv,2021-06-23,1625,Fear,0.4150954026442308
E17,W,bitcoin_sv,2021-08-02,1137,Happy,0.13871112630990062
E17,W,bitcoin_sv,2021-08-02,1137,Angry,0.18730103455831215
E17,W,bitcoin_sv,2021-08-02,1137,Surprise,0.2928311447354923
E17,W,bitcoin_sv,2021-08-02,1137,Sad,0.30638155941388645
E17,W,bitcoin_sv,2021-08-02,1137,Fear,0.45572121476749633
E17,A,bitcoin_sv,2021-08-02,524,Happy,0.05622456319459522
E17,A,bitcoin_sv,2021-08-02,524,Angry,0.27662675617305377
E17,A,bitcoin_sv,2021-08-02,524,Surprise,0.3456498584674515
E17,A,bitcoin_sv,2021-08-02,524,Sad,0.3730246879672276
E17,A,bitcoin_sv,2021-08-02,524,Fear,0.5189788250522759
E17,B,bitcoin_sv,2021-08-02,763,Happy,0.2706175144190557
E17,B,bitcoin_sv,2021-08-02,763,Angry,0.12646137465030774
E17,B,bitcoin_sv,2021-08-02,763,Surprise,0.25376529243639223
E17,B,bitcoin_sv,2021-08-02,763,Sad,0.3416294589111408
E17,B,bitcoin_sv,2021-08-02,763,Fear,0.37401104223368836
