event_id,dataset,cryptocurrency,event_date,n_tweets,sentiment,count,percentage
E1,W,feathercoin,2013-06-07,261,negative,42,16.091954022988507
E1,W,feathercoin,2013-06-07,261,neutral,143,54.78927203065134
E1,W,feathercoin,2013-06-07,261,positive,76,29.118773946360154
E1,A,feathercoin,2013-06-07,26,negative,24,92.3076923076923
E1,A,feathercoin,2013-06-07,26,neutral,1,3.8461538461538463
E1,A,feathercoin,2013-06-07,26,positive,1,3.8461538461538463
E1,B,feathercoin,2013-06-07,51,negative,10,19.607843137254903
E1,B,feathercoin,2013-06-07,51,neutral,22,43.13725490196079
E1,B,feathercoin,2013-06-07,51,positive,19,37.254901960784316
E2,W,bitcoin,2014-06-15,72458,negative,12307,16.985012006955753
E2,W,bitcoin,2014-06-15,72458,neutral,29001,40.02456595545005
E2,W,bitcoin,2014-06-15,72458,positive,31150,42.99042203759419
E2,A,bitcoin,2014-06-15,3409,negative,1955,57.34819595189205
E2,A,bitcoin,2014-06-15,3409,neutral,441,12.936344969199178
E2,A,bitcoin,2014-06-15,3409,positive,1013,29.715459078908772
E2,B,bitcoin,2014-06-15,65408,negative,10624,16.2426614481409
E2,B,bitcoin,2014-06-15,65408,neutral,27196,41.579011741682976
E2,B,bitcoin,2014-06-15,65408,positive,27588,42.178326810176124
E3,W,verge,2018-04-03,6155,negative,2468,40.09748172217709
E3,W,verge,2018-04-03,6155,neutral,1417,23.021933387489845
E3,W,verge,2018-04-03,6155,positive,2270,36.88058489033306
E3,A,verge,2018-04-03,599,negative,525,87.64607679465776
E3,A,verge,2018-04-03,599,neutral,25,4.173622704507513
E3,A,verge,2018-04-03,599,positive,49,8.180300500834724
E3,B,verge,2018-04-03,7804,negative,388,4.971809328549462
E3,B,verge,2018-04-03,7804,neutral,1068,13.685289595079446
E3,B,verge,2018-04-03,7804,positive,6348,81.34290107637109
E4,W,bitcoingold,2018-05-15,2449,negative,1380,56.34953042057983
E4,W,bitcoingold,2018-05-15,2449,neutral,317,12.944058799510005
E4,W,bitcoingold,2018-05-15,2449,positive,752,30.70641077991017
E4,A,bitcoingold,2018-05-15,1012,negative,958,94.66403162055336
E4,A,bitcoingold,2018-05-15,1012,neutral,8,0.7905138339920948
E4,A,bitcoingold,2018-05-15,1012,positive,46,4.545454545454546
E4,B,bitcoingold,2018-05-15,1137,negative,154,13.544415127528584
E4,B,bitcoingold,2018-05-15,1137,neutral,369,32.45382585751979
E4,B,bitcoingold,2018-05-15,1137,positive,614,54.001759014951624
E5,W,verge,2018-05-20,3661,negative,1688,46.10762086861513
E5,W,verge,2018-05-20,3661,neutral,789,21.55148866429937
E5,W,verge,2018-05-20,3661,positive,1184,32.340890467085494
E5,A,verge,2018-05-20,685,negative,614,89.63503649635037
E5,A,verge,2018-05-20,685,neutral,19,2.7737226277372264
E5,A,verge,2018-05-20,685,positive,52,7.591240875912408
E5,B,verge,2018-05-20,4030,negative,653,16.203473945409428
E5,B,verge,2018-05-20,4030,neutral,1396,34.640198511166254
E5,B,verge,2018-05-20,4030,positive,1981,49.15632754342432
E6,W,litecoin_cash,2018-05-29,842,negative,41,4.869358669833729
E6,W,litecoin_cash,2018-05-29,842,neutral,469,55.70071258907363
E6,W,litecoin_cash,2018-05-29,842,positive,332,39.42992874109264
E6,A,litecoin_cash,2018-05-29,28,negative,4,14.285714285714286
E6,A,litecoin_cash,2018-05-29,28,neutral,22,78.57142857142857
E6,A,litecoin_cash,2018-05-29,28,positive,2,7.142857142857143
E6,B,litecoin_cash,2018-05-29,1338,negative,115,8.594917787742899
E6,B,litecoin_cash,2018-05-29,1338,neutral,891,66.59192825112108
E6,B,litecoin_cash,2018-05-29,1338,positive,332,24.813153961136024
E7,W,vertcoin,2018-10-11,1596,negative,539,33.771929824561404
E7,W,vertcoin,2018-10-11,1596,neutral,486,30.451127819548873
E7,W,vertcoin,2018-10-11,1596,positive,571,35.77694235588972
E7,A,vertcoin,2018-10-11,382,negative,347,90.83769633507853
E7,A,vertcoin,2018-10-11,382,neutral,5,1.3089005235602094
E7,A,vertcoin,2018-10-11,382,positive,30,7.853403141361256
E7,B,vertcoin,2018-10-11,297,negative,37,12.457912457912458
E7,B,vertcoin,2018-10-11,297,neutral,87,29.292929292929294
E7,B,vertcoin,2018-10-11,297,positive,173,58.24915824915825
E8,W,ethereum_classic,2019-01-04,6840,negative,4194,61.31578947368421
E8,W,ethereum_classic,2019-01-04,6840,neutral,670,9.7953216374269
E8,W,ethereum_classic,2019-01-04,6840,positive,1976,28.88888888888889
E8,A,ethereum_classic,2019-01-04,4465,negative,3526,78.96976483762597
E8,A,ethereum_classic,2019-01-04,4465,neutral,91,2.038073908174692
E8,A,ethereum_classic,2019-01-04,4465,positive,848,18.992161254199328
E8,B,ethereum_classic,2019-01-04,1105,negative,295,26.69683257918552
E8,B,ethereum_classic,2019-01-04,1105,neutral,370,33.484162895927604
E8,B,ethereum_classic,2019-01-04,1105,positive,440,39.81900452488688
E9,W,litecoin_cash,2019-07-03,462,negative,46,9.956709956709958
E9,W,litecoin_cash,2019-07-03,462,neutral,276,59.74025974025974
E9,W,litecoin_cash,2019-07-03,462,positive,140,30.303030303030305
E9,A,litecoin_cash,2019-07-03,58,negative,5,8.620689655172415
E9,A,litecoin_cash,2019-07-03,58,neutral,48,82.75862068965517
E9,A,litecoin_cash,2019-07-03,58,positive,5,8.620689655172415
E9,B,litecoin_cash,2019-07-03,542,negative,32,5.904059040590406
E9,B,litecoin_cash,2019-07-03,542,neutral,278,51.291512915129154
E9,B,litecoin_cash,2019-07-03,542,positive,232,42.80442804428044
E10,W,vertcoin,2019-11-30,457,negative,382,83.58862144420131
E10,W,vertcoin,2019-11-30,457,neutral,27,5.908096280087527
E10,W,vertcoin,2019-11-30,457,positive,48,10.50328227571116
E10,A,vertcoin,2019-11-30,378,negative,367,97.08994708994709
E10,A,vertcoin,2019-11-30,378,neutral,1,0.26455026455026454
E10,A,vertcoin,2019-11-30,378,positive,10,2.6455026455026456
E10,B,vertcoin,2019-11-30,65,negative,6,9.23076923076923
E10,B,vertcoin,2019-11-30,65,neutral,25,38.46153846153846
E10,B,vertcoin,2019-11-30,65,positive,34,52.30769230769231
E11,W,bitcoingold,2020-01-22,941,negative,659,70.03188097768331
E11,W,bitcoingold,2020-01-22,941,neutral,113,12.008501594048884
E11,W,bitcoingold,2020-01-22,941,positive,169,17.9596174282678
E11,A,bitcoingold,2020-01-22,594,negative,572,96.29629629629629
E11,A,bitcoingold,2020-01-22,594,neutral,4,0.6734006734006734
E11,A,bitcoingold,2020-01-22,594,positive,18,3.0303030303030303
E11,B,bitcoingold,2020-01-22,293,negative,48,16.38225255972696
E11,B,bitcoingold,2020-01-22,293,neutral,80,27.303754266211605
E11,B,bitcoingold,2020-01-22,293,positive,165,56.31399317406143
E12,W,bitcoingold,2020-07-01,712,negative,352,49.438202247191015
E12,W,bitcoingold,2020-07-01,712,neutral,142,19.9438202247191
E12,W,bitcoingold,2020-07-01,712,positive,218,30.617977528089888
E12,A,bitcoingold,2020-07-01,218,negative,208,95.41284403669725
E12,A,bitcoingold,2020-07-01,218,neutral,1,0.45871559633027525
E12,A,bitcoingold,2020-07-01,218,positive,9,4.128440366972477
E12,B,bitcoingold,2020-07-01,482,negative,79,16.390041493775932
E12,B,bitcoingold,2020-07-01,482,neutral,142,29.46058091286307
E12,B,bitcoingold,2020-07-01,482,positive,261,54.149377593360995
E13,W,ethereum_classic,2020-07-28,1691,negative,998,59.01833234772324
E13,W,ethereum_classic,2020-07-28,1691,neutral,359,21.230041395623893
E13,W,ethereum_classic,2020-07-28,1691,positive,334,19.75162625665287
E13,A,ethereum_classic,2020-07-28,900,negative,851,94.55555555555556
E13,A,ethereum_classic,2020-07-28,900,neutral,3,0.3333333333333333
E13,A,ethereum_classic,2020-07-28,900,positive,46,5.111111111111111
E13,B,ethereum_classic,2020-07-28,246,negative,17,6.9105691056910565
E13,B,ethereum_classic,2020-07-28,246,neutral,93,37.80487804878049
E13,B,ethereum_classic,2020-07-28,246,positive,136,55.28455284552845
E14,W,ethereum_classic,2020-08-04,1649,negative,1060,64.28138265615524
E14,W,ethereum_classic,2020-08-04,1649,neutral,270,16.373559733171618
E14,W,ethereum_classic,2020-08-04,1649,positive,319,19.345057610673134
E14,A,ethereum_classic,2020-08-04,967,negative,883,91.31334022750775
E14,A,ethereum_classic,2020-08-04,967,neutral,7,0.7238883143743536
E14,A,ethereum_classic,2020-08-04,967,positive,77,7.96277145811789
E14,B,ethereum_classic,2020-08-04,215,negative,19,8.837209302325581
E14,B,ethereum_classic,2020-08-04,215,neutral,72,33.48837209302326
E14,B,ethereum_classic,2020-08-04,215,positive,124,57.674418604651166
E15,W,ethereum_classic,2020-08-28,1121,negative,717,63.960749330954506
E15,W,ethereum_classic,2020-08-28,1121,neutral,204,18.198037466547724
E15,W,ethereum_classic,2020-08-28,1121,positive,200,17.84121320249777
E15,A,ethereum_classic,2020-08-28,706,negative,656,92.91784702549575
E15,A,ethereum_classic,2020-08-28,706,neutral,5,0.7082152974504249
E15,A,ethereum_classic,2020-08-28,706,positive,45,6.373937677053824
E15,B,ethereum_classic,2020-08-28,172,negative,39,22.674418604651162
E15,B,ethereum_classic,2020-08-28,172,neutral,65,37.7906976744186
E15,B,ethereum_classic,2020-08-28,172,positive,68,39.53488372093023
E16,W,bitcoin_sv,2021-06-23,2173,negative,565,26.000920386562356
E16,W,bitcoin_sv,2021-06-23,2173,neutral,558,25.67878508973769
E16,W,bitcoin_sv,2021-06-23,2173,positive,1050,48.32029452369996
E16,A,bitcoin_sv,2021-06-23,96,negative,75,78.125
E16,A,bitcoin_sv,2021-06-23,96,neutral,4,4.166666666666667
E16,A,bitcoin_sv,2021-06-23,96,positive,17,17.708333333333332
E16,B,bitcoin_sv,2021-06-23,1625,negative,274,16.861538461538462
E16,B,bitcoin_sv,2021-06-23,1625,neutral,520,32.0
E16,B,bitcoin_sv,2021-06-23,1625,positive,831,51.13846153846154
E17,W,bitcoin_sv,2021-08-02,1137,negative,646,56.81618293755497
E17,W,bitcoin_sv,2021-08-02,1137,neutral,170,14.951627088830255
E17,W,bitcoin_sv,2021-08-02,1137,positive,321,28.232189973614776
E17,A,bitcoin_sv,2021-08-02,524,negative,497,94.8473282442748
E17,A,bitcoin_sv,2021-08-02,524,neutral,1,0.19083969465648856
E17,A,bitcoin_sv,2021-08-02,524,positive,26,4.961832061068702
E17,B,bitcoin_sv,2021-08-02,763,negative,100,13.106159895150721
E17,B,bitcoin_sv,2021-08-02,763,neutral,226,29.61992136304063
E17,B,bitcoin_sv,2021-08-02,763,positive,437,57.27391874180865
